form_requirement_id,form_name,form_number,form_type,required,condition,applicant_scope,submission_method,reference_type,canonical_rule_id,canonical_rule_name,rule_id,candidate_rule_name,policy_sector,source_document,source_url,page_start,page_end,chunk_id,evidence_text,confidence
1,इरादापत्र मुदतवाढीसाठी अर्ज,,APPLICATION_FORM,Mandatory,जर औद्योगिक पार्क वर नमूद 3 वर्षांच्या कालावधीमध्ये स्थापित होऊ शकत नसेल,प्रमोटर /विकासक,NOT_SPECIFIED,STATUTORY_PRESCRIBED,CANON-0161,"Letter of Intent, Validity, and Registration for Industrial Parks",166,"Letter of Intent, Validity, and Registration for Industrial Parks","Readymade Garments, Gems and Jewelry, Micro Electronics, and Photonics",027a_Modalies GR-Readymade Garment Manufacturing Gems and Jewellery-Micro Electronics and Engg Units dt- 13-09-2019.pdf,https://maitri.maharashtra.gov.in/resources/policies/,7,7,0538799755f89fbb6f4bec1fcc16601bc20d7c9e6f44267911ab9e842f576f83,इरादापत्राच्या मुदतवाढीसाठी अर्ज सादर केल्यावर,0.9
2,इमारती पूर्णत्वाचा दाखला (BCC/OC) प्राप्त करण्यासाठी अर्ज,,APPLICATION_FORM,Mandatory,औद्योगिक संकुल (Park) चे बांधकाम पूर्ण करून नियोजन प्राधिकरणाकडून इमारती पूर्णत्वाचा दाखला प्राप्त केल्यानंतर,विकासक,NOT_SPECIFIED,STATUTORY_PRESCRIBED,CANON-0161,"Letter of Intent, Validity, and Registration for Industrial Parks",166,"Letter of Intent, Validity, and Registration for Industrial Parks","Readymade Garments, Gems and Jewelry, Micro Electronics, and Photonics",027a_Modalies GR-Readymade Garment Manufacturing Gems and Jewellery-Micro Electronics and Engg Units dt- 13-09-2019.pdf,https://maitri.maharashtra.gov.in/resources/policies/,7,7,0538799755f89fbb6f4bec1fcc16601bc20d7c9e6f44267911ab9e842f576f83,नियोजन प्राधिकरणाकडून इमारती पूर्णत्वाचा दाखला (BCC/OC) प्राप्त केल्यानंतर विकासकाने सहा महिन्यात कायमस्वरूपी नोंदणी प्राप्त करणेसाठी अर्ज करणे आवश्यक राहील.,0.9
3,Format of the affidavit to be submitted for obtaining LoI for AVGC Unit,Appendix I (B),AFFIDAVIT,Mandatory,For obtaining LoI for AVGC Unit,AVGC Unit promoters/directors/partners,NOT_SPECIFIED,STATUTORY_PRESCRIBED,CANON-0395,AVGC-XR Unit Turnover and Registration Compliance,400,AVGC-XR Unit Turnover and Registration Compliance,AVGC-XR,006b_AVGCXR_policy08062026.pdf,https://maitri.maharashtra.gov.in/resources/policies/,47,47,059e69d0f868495fa939e8f0baf8cabc13f214b9178fcedb3b2a27f9d0ef6e5f,Appendix I (B) Format of the affidavit to be submitted for obtaining LoI for AVGC Unit,1.0
4,Completed Application Form,Appendix III- Section J,APPLICATION_FORM,Mandatory,Required document list for financial assistance claim,Applicants claiming financial assistance for innovation labs/production,NOT_SPECIFIED,SUPPORTING_ATTACHMENT,CANON-0394,Financial Assistance to Innovation Labs,399,Financial Assistance to Innovation Labs,AVGC-XR,006b_AVGCXR_policy08062026.pdf,https://maitri.maharashtra.gov.in/resources/policies/,31,31,0614171ee557075afce7166579cd8bc9865c7a399825a054ec1a56a502f8a804,1. Completed Application Form (Appendix III- Section J),1.0
5,Common Undertaking,Appendix IV,UNDERTAKING,Mandatory,Required document list for financial assistance claim,Applicants claiming financial assistance for innovation labs/production,NOT_SPECIFIED,SUPPORTING_ATTACHMENT,CANON-0394,Financial Assistance to Innovation Labs,399,Financial Assistance to Innovation Labs,AVGC-XR,006b_AVGCXR_policy08062026.pdf,https://maitri.maharashtra.gov.in/resources/policies/,31,31,0614171ee557075afce7166579cd8bc9865c7a399825a054ec1a56a502f8a804,11. Common Undertaking (Appendix IV),1.0
6,Application for Registration,Form-I,APPLICATION_FORM,Mandatory,When electronic registration is dispensed with in exceptional circumstances,Employers or establishments,NOT_SPECIFIED,STATUTORY_PRESCRIBED,CANON-1052,"Registration fees and late fees for establishments under the Occupational Safety, Health and Working Conditions Rules",1074,"Registration fees and late fees for establishments under the Occupational Safety, Health and Working Conditions Rules",Labour and Employment,478_state-draft-rules-for-osh-labour.pdf,https://labour.maharashtra.gov.in/en/publication/new-labour-code,169,170,0700cc8bebb0c40328400a64e0b52f92f8abaad99e697a566fdb54cd722c6025,"submission of application in Form-I so provided, may be allowed",0.95
7,Certificate of Registration,Form-II,PRESCRIBED_FORM,Mandatory,Upon successful complete application for registration,Establishments,ONLINE_PORTAL,STATUTORY_PRESCRIBED,CANON-1052,"Registration fees and late fees for establishments under the Occupational Safety, Health and Working Conditions Rules",1074,"Registration fees and late fees for establishments under the Occupational Safety, Health and Working Conditions Rules",Labour and Employment,478_state-draft-rules-for-osh-labour.pdf,https://labour.maharashtra.gov.in/en/publication/new-labour-code,169,170,0700cc8bebb0c40328400a64e0b52f92f8abaad99e697a566fdb54cd722c6025,"The certificate of registration shall be issued in Form-II, electronically immediately if the application is complete in all respects",0.95
8,common application forms,,APPLICATION_FORM,Mandatory,,,ONLINE_PORTAL,PROCEDURAL_GUIDELINE,CANON-0786,Automatic/Accelerated Permission for Large Investments,801,Automatic/Accelerated Permission for Large Investments,Industrial Investment,495_202512311332497910.pdf,https://industry.maharashtra.gov.in/index.php/en/services/policies,99,99,0a5bed64024a32627821642f216cee24ee528b3930a62689a69fe7c87c920a1e,common application forms,0.9
9,Agreement for the audio-visual workers,Form-XIX,PRESCRIBED_FORM,Mandatory,For audio-visual workers with the producer,Audio-visual workers and producers,NOT_SPECIFIED,STATUTORY_PRESCRIBED,CANON-1056,Journey allowance to Inter-State Migrant Worker,1078,Journey allowance to Inter-State Migrant Worker,Labour,478_state-draft-rules-for-osh-labour.pdf,https://labour.maharashtra.gov.in/en/publication/new-labour-code,196,197,10c9384e2f5319002b21bd1e5cc9f37cf143815aa501b2dbf6d07b2e5308afce,The Form of agreement for the audio-visual workers with the producer shall be in Form-XIX.,1.0
10,ELP-Form-I,Form-I,PRESCRIBED_FORM,Mandatory,,,NOT_SPECIFIED,STATUTORY_PRESCRIBED,CANON-0330,Stamp Duty Exemption for IT/ITES Policy 2023,335,Stamp Duty Exemption for IT/ITES Policy 2023,IT/ITES,032b_ITI_Tes_Policy_2024.pdf,https://maitri.maharashtra.gov.in/resources/policies/,33,34,13952a04bf85b32f509c08625fc169826d9d203c4a5bddbabe9f354abfff025d,8. ELP-Form-I,0.95
11,Undertaking in prescribed format - Appendix C,Appendix C,UNDERTAKING,Mandatory,,,NOT_SPECIFIED,STATUTORY_PRESCRIBED,CANON-0330,Stamp Duty Exemption for IT/ITES Policy 2023,335,Stamp Duty Exemption for IT/ITES Policy 2023,IT/ITES,032b_ITI_Tes_Policy_2024.pdf,https://maitri.maharashtra.gov.in/resources/policies/,33,34,13952a04bf85b32f509c08625fc169826d9d203c4a5bddbabe9f354abfff025d,10. Undertaking in prescribed format - Appendix C,0.95
12,Format for Stamp Duty Exemption Certificate for New/Existing Unit,Appendix – III (A),AFFIDAVIT,Mandatory,,Proprietor/Partner/Director,NOT_SPECIFIED,STATUTORY_PRESCRIBED,CANON-0330,Stamp Duty Exemption for IT/ITES Policy 2023,335,Stamp Duty Exemption for IT/ITES Policy 2023,IT/ITES,032b_ITI_Tes_Policy_2024.pdf,https://maitri.maharashtra.gov.in/resources/policies/,33,34,13952a04bf85b32f509c08625fc169826d9d203c4a5bddbabe9f354abfff025d,"Appendix – III (A) 
Format for Stamp Duty Exemption Certificate for New/Existing Unit 
As per Stamp Duty Act 1958 (Mumbai 1956 & 60) 
(Rs. 500/-Judicial Stamp Paper) 
AFFIDAVIT",0.95
13,Form for sanction of Refusal of Permit,Appendix D,PRESCRIBED_FORM,Mandatory,Sanction or refusal of permit for work/erection/re-erection/alteration in a building,Applicants/Owners seeking building permits,NOT_SPECIFIED,STATUTORY_PRESCRIBED,,,,,,062_Comprehensive Uniform Building Bye Law.pdf,https://maitri.maharashtra.gov.in/resources/acts-and-rules/,1960,1963,14981306b45024fd561e05d415c78ed096efa1d2a2ee2499498578b429acec98,Appendix ‘D’ Regulation No. 9(1) Form for sanction of Refusal of Permit,0.95
14,Form of Completion Certificate,Appendix E,PRESCRIBED_FORM,Mandatory,Completion of development work/erection/re-erection or material alteration in/of building,Architect/Engineer/Supervisor on behalf of applicants,NOT_SPECIFIED,STATUTORY_PRESCRIBED,,,,,,062_Comprehensive Uniform Building Bye Law.pdf,https://maitri.maharashtra.gov.in/resources/acts-and-rules/,1960,1963,14981306b45024fd561e05d415c78ed096efa1d2a2ee2499498578b429acec98,Appendix ‘E’ Regulation No. 12.1 Form of Completion Certificate,0.95
15,Form for the Occupancy Certificate,Appendix F,PRESCRIBED_FORM,Mandatory,Requesting occupancy certificate after completion of development work,Applicants/Licensed Architect/Engineer/Supervisor,NOT_SPECIFIED,STATUTORY_PRESCRIBED,,,,,,062_Comprehensive Uniform Building Bye Law.pdf,https://maitri.maharashtra.gov.in/resources/acts-and-rules/,1960,1963,14981306b45024fd561e05d415c78ed096efa1d2a2ee2499498578b429acec98,Appendix ‘F’ Regulation No. 13(1) Form for the Occupancy Certificate,0.95
16,EV Transition Plan,,OTHER,Mandatory,"Applicable to E-commerce companies, last-mile delivery/logistics players and mobility aggregators","E-commerce companies, last-mile delivery/logistics players and mobility aggregators",NOT_SPECIFIED,STATUTORY_PRESCRIBED,CANON-0372,Basic Demand Incentives for Electric Vehicles,377,Basic Demand Incentives for Electric Vehicles,Electric Vehicles,011c_EV Policy GR 2021.pdf,https://maitri.maharashtra.gov.in/resources/policies/,20,21,16a248f348320427c04c1d0d632d3e5d5d76595c175aab03df86499a90ad691f,"E-commerce companies, last-mile delivery/logistics players and mobility aggregators should submit an EV transition plan to the Transport Department, within six months from the date of issue of this Government Resolution.",0.95
17,Form X,Form X,APPLICATION_FORM,Mandatory,An employer who intends to close down an industrial establishment to which Chapter X of the Code applies shall apply for prior permission at least ninety days before the date on which intended closure is to become effective.,Employer who intends to close down an industrial establishment,ONLINE_PORTAL,STATUTORY_PRESCRIBED,CANON-1074,Worker Re-Skilling Fund Contribution,1096,Worker Re-Skilling Fund Contribution,Labour,408_ir_rules_2020.pdf,https://labour.maharashtra.gov.in/en/publication/labour-act-rules,40,40,1967512833fa492454082e20e48ad6174b57c5040ace06190ca2b6f0ca28c16f,An employer who intends to close down an industrial establishment to which Chapter X of the Code applies shall apply electronically in Form X for prior permission at least ninety days before the date on which intended closure is to become effective to the Central Government,1.0
18,Form XI,Form XI,PRESCRIBED_FORM,Mandatory,The compounding officer shall send a notice through Samadhan Portal to the accused in Form XI consisting of three parts for compounding of an offence.,Accused to whom notice is served desiring to compound the offence,ONLINE_PORTAL,STATUTORY_PRESCRIBED,CANON-1074,Worker Re-Skilling Fund Contribution,1096,Worker Re-Skilling Fund Contribution,Labour,408_ir_rules_2020.pdf,https://labour.maharashtra.gov.in/en/publication/labour-act-rules,40,40,1967512833fa492454082e20e48ad6174b57c5040ace06190ca2b6f0ca28c16f,"he shall send a notice through Samadhan Portal to the accused in Form XI consisting of three parts. In part I of such Form, the compounding officer shall inter-alia specify... Part II of the Form shall specify... and part III of the Form shall contain the application to be filed by the accused if he desires to compound the offence.",1.0
19,CMEGP Application Form,,APPLICATION_FORM,Mandatory,For availing financial assistance under the CMEGP scheme,Applicants / Beneficiaries,ONLINE_PORTAL,STATUTORY_PRESCRIBED,CANON-0326,CMEGP Financial Institutions and Portal,331,CMEGP Financial Institutions and Portal,Micro and Small Enterprises,014c_Procedural_Guidelines_CMEGP_19_09_2019.pdf,https://maitri.maharashtra.gov.in/resources/policies/,5,5,19e8a72bcc8cae2b2ef98703937fcdf21aceb3e49607a759dcaffd995cc072ae,The applicant must compulsorily apply on the portal only to respective implementing agencies for availing financial assistance. The application form on the portal is self-explanatory,0.95
20,Application form,Appendix III – Section B,APPLICATION_FORM,Mandatory,Capital Subsidy claim for eligible Anchor and MSME units,Eligible Anchor and MSME AVGC-XR units,NOT_SPECIFIED,STATUTORY_PRESCRIBED,CANON-0383,Capital Subsidy for AVGC-XR Units,388,Capital Subsidy for AVGC-XR Units,AVGC-XR,006b_AVGCXR_policy08062026.pdf,https://maitri.maharashtra.gov.in/resources/policies/,21,21,1ab27861a59767fc99a52954e70d5cb8365c67f5dbfc716f7229e37e8bcf56bf,1. Application form (Appendix III – Section B),0.95
21,Common Undertaking,Appendix IV,UNDERTAKING,Mandatory,Capital Subsidy claim for eligible Anchor and MSME units,Eligible Anchor and MSME AVGC-XR units,NOT_SPECIFIED,STATUTORY_PRESCRIBED,CANON-0383,Capital Subsidy for AVGC-XR Units,388,Capital Subsidy for AVGC-XR Units,AVGC-XR,006b_AVGCXR_policy08062026.pdf,https://maitri.maharashtra.gov.in/resources/policies/,21,21,1ab27861a59767fc99a52954e70d5cb8365c67f5dbfc716f7229e37e8bcf56bf,8. Common Undertaking (Appendix IV),0.95
22,Affidavit for EWS/LIG tenement sale restrictions,,AFFIDAVIT,Mandatory,When selling tenements of size up to 50 sqm built-up carpet area constructed for EWS/LIG to ensure only one tenement is sold to a family and not to close relatives.,Land owner / developer and purchaser,NOT_SPECIFIED,STATUTORY_PRESCRIBED,CANON-0652,Development of Housing for EWS/LIG,663,Development of Housing for EWS/LIG,Housing,062_Comprehensive Uniform Building Bye Law.pdf,https://maitri.maharashtra.gov.in/resources/acts-and-rules/,1117,1117,1b938c6d5245f59326b34cd9759d1b1b8ef2859ab6d3785c24dabebd7870c857,Affidavit to that effect shall be obtained from the land owner/ developer and purchaser.,0.95
23,Written Agreement for Settlement before Conciliation Officer Form,Form-I,PRESCRIBED_FORM,Mandatory,Written agreement for the settlement between the employer and worker under clause (zi) of Section 2,Employer and worker,NOT_SPECIFIED,STATUTORY_PRESCRIBED,CANON-1068,"The Industrial Relation (Central) Rules, 2020 - Preliminary and Bi-partite Forums",1090,"The Industrial Relation (Central) Rules, 2020 - Preliminary and Bi-partite Forums",Labour and Employment,408_ir_rules_2020.pdf,https://labour.maharashtra.gov.in/en/publication/labour-act-rules,27,27,200a09f1a67a4d55fe75e57633d9a52a713782cc47cd85787ce94ba04aaca76b,The Agreement under clause (zi) of Section 2 for written agreement between the employer and worker shall be in the form specified in Form-I and shall be signed by the parties in the agreement and a copy thereof shall be sent to the concerned Conciliation Officer.,0.95
24,Undertaking by the Architect / Town Planner / Licensed Engineer,,UNDERTAKING,Mandatory,,Architect / Town Planner / Licensed Engineer,NOT_SPECIFIED,STATUTORY_PRESCRIBED,CANON-0644,Eligibility criteria for empanelment of Accredited Architects,655,Eligibility criteria for empanelment of Accredited Architects,Infrastructure and Real Estate Development,062_Comprehensive Uniform Building Bye Law.pdf,https://maitri.maharashtra.gov.in/resources/acts-and-rules/,1067,1067,2464ee1819df08c4df0ff979ec061aacd13a8fb3ad45f059540d190e1d384d00,Undertaking to be given by the Architect / Town Planner / Licensed Engineer as may be prescribed by the Authority.,0.9
25,Application for prior permission for intended closing down of an industrial establishment,Form XXIII,APPLICATION_FORM,Mandatory,An employer intends to close down an industrial establishment to which the provisions of Chapter X of the Code apply,Employer intending to close down an industrial establishment,NOT_SPECIFIED,STATUTORY_PRESCRIBED,CANON-1098,Application for intended closing down of an industrial establishment,1120,Application for intended closing down of an industrial establishment,Labour,464_code-on-ir-draft-rules-2026_0.pdf,https://labour.maharashtra.gov.in/en/publication/new-labour-code,152,153,24ef8af991299047c32f9aa27ab6ba241361afa0913fa0f54571f1d05d988d0d,"An employer who intends to close down an industrial establishment, to which the provisions of Chapter X of the Code apply, shall apply to the State Government in Form XXIII for prior permission",1.0
26,Form A & B,A & B,PRESCRIBED_FORM,Mandatory,Submission of information and submission of claims for the 10% capital subsidy for modernization of existing powerloom units,Powerloom units belonging to Scheduled Castes/Tribes and minority communities,ONLINE_PORTAL,STATUTORY_PRESCRIBED,CANON-0471,10% Capital Subsidy for Modernization of Existing Powerloom Units Belonging to Scheduled Castes/Tribes and Minority Communities,481,10% Capital Subsidy for Modernization of Existing Powerloom Units Belonging to Scheduled Castes/Tribes and Minority Communities,Textiles,040_New_Maharashtra_Textile_Policy-2011-17.pdf,https://maitri.maharashtra.gov.in/resources/policies/,29,30,2c0931e5e030e5fcaedcb8d783ea5f68723c1f7af2644358721c69294e815e30,"In the Government Resolution referred above, From A & B are annexed for submission of information and submission of claims. These Forms are not final and the Forms which shall be made available on the Government Website shall be final. The infromation of cach project and the claims for the project shall be submitted in the Forms available on the Government Website.",0.95
27,Undertaking of Slum Rehabilitation Scheme,,UNDERTAKING,Mandatory,When submitting the S.R. Scheme by a proposed or registered co-operative housing society of hutment dwellers on site.,Proposed or registered co-operative housing society of hutment dwellers,NOT_SPECIFIED,STATUTORY_PRESCRIBED,CANON-0590,Slum Rehabilitation Participation and Restrictions,601,Slum Rehabilitation Participation and Restrictions,Housing and Urban Development,062_Comprehensive Uniform Building Bye Law.pdf,https://maitri.maharashtra.gov.in/resources/acts-and-rules/,646,646,2ca56660624b8dfb7d95a299521b5e1e35c8bffac0faa37c336d17727fa0c184,The said society shall include all the eligible hutment on site while submitting the S.R. Scheme and give an undertaking to that effect to SRA.,0.95
28,Letter of Intent (LoI) from the Directorate of Industries for MSMEs/ Special LSIs,Annexure XX,ANNEXURE,Mandatory,Eligibility Certificate/ Letter of Intent to Export Oriented Unit under MSEPP Policy-2023,MSMEs/ Special LSIs,NOT_SPECIFIED,STATUTORY_PRESCRIBED,CANON-0170,MSME Export Incentive Package under MSEPP-2023,175,MSME Export Incentive Package under MSEPP-2023,Export Promotion,007_Maharashtra State Export Promotion Policy - 2023.pdf,https://maitri.maharashtra.gov.in/resources/policies/,56,56,2eeb3a91e0f91056e9673f297b4c6351e7397bf30a0b5e154254f255b3ce81e5,"Annexure XX: Letter of Intent (LoI) from the Directorate of Industries for 
MSMEs/ Special LSIs",0.95
29,Application for prior permission for intended retrenchment,Form- XXIII,APPLICATION_FORM,Mandatory,Intended retrenchment under clause (b) of sub-section (1) of section 79,Employer,ONLINE_PORTAL,STATUTORY_PRESCRIBED,CANON-1097,Application for intended retrenchment,1119,Application for intended retrenchment,Labour,464_code-on-ir-draft-rules-2026_0.pdf,https://labour.maharashtra.gov.in/en/publication/new-labour-code,150,151,2efb4c40d775b46469957fc1875f1e6f16f45d945ea4aa23702fc7632882ca23,"application for prior permission referred to in clause (b) of sub-section (1) of section 79 
shall be made by the employer in Form- XXIII stating clearly therein the reasons for the 
intended retrenchment",1.0
30,Completed Application Form,Appendix III- Section F,APPLICATION_FORM,Mandatory,Filing for patents under IP Creation & Protection support,Beneficiary Unit located within the State,NOT_SPECIFIED,STATUTORY_PRESCRIBED,CANON-0389,IP Creation and Protection Support,394,IP Creation and Protection Support,AVGC-XR,006b_AVGCXR_policy08062026.pdf,https://maitri.maharashtra.gov.in/resources/policies/,27,27,3116e8c155e9fd332eeda7d3b53e3588ae0842a90560c54519d2af335f3fd431,1. Completed Application Form (Appendix III- Section F),0.95
31,Common Undertaking,Appendix IV,UNDERTAKING,Mandatory,Filing for patents under IP Creation & Protection support,Beneficiary Unit located within the State,NOT_SPECIFIED,STATUTORY_PRESCRIBED,CANON-0389,IP Creation and Protection Support,394,IP Creation and Protection Support,AVGC-XR,006b_AVGCXR_policy08062026.pdf,https://maitri.maharashtra.gov.in/resources/policies/,27,27,3116e8c155e9fd332eeda7d3b53e3588ae0842a90560c54519d2af335f3fd431,5. Common Undertaking (Appendix IV),0.95
32,Application for De-novo Letter of Intent,,APPLICATION_FORM,Mandatory,Project has not been completed/registered during the stipulated period,Promoters of private IT park,NOT_SPECIFIED,PROCEDURAL_GUIDELINE,CANON-0001,De-novo Letter of Intent (LoI) for Completed but Unregistered Private IT Parks,1,De-novo Letter of Intent (LoI) for Completed but Unregistered Private IT Parks,IT/ITES,505_it-policy-2023.pdf,https://industry.maharashtra.gov.in/index.php/en/services/policies,108,108,31b361b28a8f8265466b8058b0fe295619d1fee87303fc14bee1dc18c2cf239f,the promoter shall submit an application along with fee to the Development Commissioner (Industry) along with the prescribed documents in the prescribed format.,0.9
33,Consent Application Form,,APPLICATION_FORMAT,Mandatory,"For Aerospace and Defence units involving only assembly type manufacturing, not discharging process effluent, and with less than 100 employees seeking MPCB consent under the GREEN category.",Aerospace and Defence units,NOT_SPECIFIED,STATUTORY_PRESCRIBED,CANON-0969,Simplification of Relevant Legislations for Aerospace and Defence,990,Simplification of Relevant Legislations for Aerospace and Defence,Aerospace and Defence,102_Maharashtra-Aerospace-and-Defense-Policy-2018_compressed.pdf,https://midc.maharashtra.gov.in/en/investors/industrial-policies-and-incentives/,12,12,3372a44c1e472d6cb7278036d1ae6fc64da3f2e137005c4bb9fb83fdcb8ed248,Such units will be covered in the GREEN category of consent if they submit application in prescribed format to M.P.C.B.,0.95
34,Undertaking to abide by terms and conditions,,UNDERTAKING,Mandatory,Availing additional Floor Space Index for Educational Institutions,Educational Institutions,NOT_SPECIFIED,STATUTORY_PRESCRIBED,CANON-0687,Additional Floor Space Index for Educational Institutions,698,Additional Floor Space Index for Educational Institutions,Education,062_Comprehensive Uniform Building Bye Law.pdf,https://maitri.maharashtra.gov.in/resources/acts-and-rules/,1592,1592,34dee37d8f88ca71ab679cfadf9e4b796c6f3f1269fd16b98cf65748fb956f45,The Educational Institution shall file an undertaking that it shall abide by the above enumerated terms and conditions.,0.95
35,Online application for grant of BMW Authorization / Combined Consent,,APPLICATION_FORM,Mandatory,"Required for grant of BMW authorization / Combined consent as per BMW Management Rules, 2016",Health care Establishments and bedded/non-bedded occupiers / CBMWTF operators,ONLINE_PORTAL,STATUTORY_PRESCRIBED,CANON-1012,Procedure for grant of BMW authorization / Combined consent,1034,Procedure for grant of BMW authorization / Combined consent,Pollution Control and Healthcare Establishments,292_Procedure_For_granting_CCA_27032017.pdf,https://www.mpcb.gov.in/en/circulars-types/all,1,1,3b17c443f0242e6a54b9d313f9221e8b0e24a180d14a52eacf080ce022bd1d35,You are here by directed to ensure receipt of online application for grant of BMW Authorization / Combined Consent along with requisite Documents and Fees.,0.95
36,Indicative Annual action plan for laying optic fibre,,RETURN_REPORTING_FORM,Mandatory,ToBe submitted annually by Telecom service providers,Telecom service providers,NOT_SPECIFIED,STATUTORY_PRESCRIBED,CANON-0140,Right of Way Optical Fibre Administrative Charges and Bandwidth Provision,145,Right of Way Optical Fibre Administrative Charges and Bandwidth Provision,Telecom Infrastructure,028_Telecom_English.pdf,https://maitri.maharashtra.gov.in/resources/policies/,5,5,3b3d2838063718d4d44866efcaa389c7c59e1c5119a4c14355a5d4b7b3857e82,Indicative Annual action plan for laying optic fibre should be submitted by all Telecom service provider to DIT and concerned ULB/local body/competent authority by 31st July of every year.,0.9
37,Self-Certification,,DECLARATION,Mandatory,Required for select government compliances under start-up regulatory relaxation,Start-ups registered with the GoM,ONLINE_PORTAL,STATUTORY_PRESCRIBED,CANON-0340,Self-Certification and Inspection Exemption for Start-Ups,345,Self-Certification and Inspection Exemption for Start-Ups,Start-Ups,016_Start-up-Policy-2018.pdf,https://maitri.maharashtra.gov.in/resources/policies/,11,11,3c20840374858e0fbb06e808478602e829a400c2c08c80d9535a141ed737a068,Start-ups shall be permitted to file self-certification in prescribed format for select government compliances. No inspections shall be conducted for a period of seven years. Start-ups will also be able to do the Self-Certification through the mobile app/portal.,0.95
38,Proforma for Objections and Suggestions on Model Standing Orders for Mines,,PROFORMA,Optional,"When submitting objections and suggestions on the draft Model Standing Orders for Mines, 2020",Persons or organizations affected by the draft Model Standing Orders,EMAIL,STATUTORY_PRESCRIBED,CANON-1026,"Model Standing Orders for Mines, 2020",1048,"Model Standing Orders for Mines, 2020",Mining,391_224088_compressed_0.pdf,https://labour.maharashtra.gov.in/en/publication/labour-act-rules,43,43,3c7657a1e8a22fe35560ca768f589197281c468f4dd2f5e5b12e79c74f942c1b,The objections and suggestions should be sent in a proforma containing columns (i) specifying the name and address of the person or organization and column (ii) specifying the paragraph or sub-paragraph of the said Model Standing Orders which is proposed to be modified and column (iii) specifying the revised paragraph or sub-paragraph proposed to be substituted and reasons thereof;,0.95
39,Completed Application Form,Appendix III - Section G,APPLICATION_FORM,Mandatory,Obtaining reimbursement for quality certification and/or industry specific certifications,Beneficiary Unit located within the State (AVGC-XR units),NOT_SPECIFIED,STATUTORY_PRESCRIBED,CANON-0390,Reimbursement for Quality Certification,395,Reimbursement for Quality Certification,AVGC-XR,006b_AVGCXR_policy08062026.pdf,https://maitri.maharashtra.gov.in/resources/policies/,28,28,3e87bcd964335e0a6c4294feff6d751f2516f520714dc990e5e97100ba24bf68,1. Completed Application Form (Appendix III - Section G),0.95
40,Common Undertaking,Appendix IV,UNDERTAKING,Mandatory,Obtaining reimbursement for quality certification and/or industry specific certifications,Beneficiary Unit located within the State (AVGC-XR units),NOT_SPECIFIED,STATUTORY_PRESCRIBED,CANON-0390,Reimbursement for Quality Certification,395,Reimbursement for Quality Certification,AVGC-XR,006b_AVGCXR_policy08062026.pdf,https://maitri.maharashtra.gov.in/resources/policies/,28,28,3e87bcd964335e0a6c4294feff6d751f2516f520714dc990e5e97100ba24bf68,6. Common Undertaking (Appendix IV),0.95
41,Application form for availing Interest Subsidy under Maharashtra State Export Promotion Policy 2023,Annexure VII,APPLICATION_FORM,Mandatory,Availing Interest Subsidy under Maharashtra State Export Promotion Policy 2023,Eligible unit,NOT_SPECIFIED,STATUTORY_PRESCRIBED,CANON-0167,Interest Subsidy for Fixed Capital Assets under Maharashtra State Export Promotion Policy 2023,172,Interest Subsidy for Fixed Capital Assets under Maharashtra State Export Promotion Policy 2023,Export Promotion,007_Maharashtra State Export Promotion Policy - 2023.pdf,https://maitri.maharashtra.gov.in/resources/policies/,39,40,3f0c5ce4075764fed0df01e5b7532b9c645708f3ab8fcbeb5bcd54abeccfe0fe,Annexure VII: Application form for availing Interest Subsidy under Maharashtra State Export Promotion Policy 2023,1.0
42,Auditor's certificate for availing Interest Subsidy under Maharashtra State Export Promotion Policy 2023,Annexure VIII,ANNEXURE,Mandatory,Accompaniment to form for the application for Interest Subsidy under Maharashtra State Export Promotion Policy 2023,Eligible unit,NOT_SPECIFIED,STATUTORY_PRESCRIBED,CANON-0167,Interest Subsidy for Fixed Capital Assets under Maharashtra State Export Promotion Policy 2023,172,Interest Subsidy for Fixed Capital Assets under Maharashtra State Export Promotion Policy 2023,Export Promotion,007_Maharashtra State Export Promotion Policy - 2023.pdf,https://maitri.maharashtra.gov.in/resources/policies/,39,40,3f0c5ce4075764fed0df01e5b7532b9c645708f3ab8fcbeb5bcd54abeccfe0fe,Annexure VIII: Auditor’s certificate for availing Interest Subsidy under Maharashtra State Export Promotion Policy 2023,1.0
43,Application for Registration for Labour Identification Number,,APPLICATION_FORM,Mandatory,Every shop and establishment employing ten or more workers shall apply for registration.,Every shop and establishment employing ten or more workers,NOT_SPECIFIED,STATUTORY_PRESCRIBED,CANON-1036,Prohibition of Discrimination Against Women and Night Shift Conditions,1058,Prohibition of Discrimination Against Women and Night Shift Conditions,Labour and Employment,421_shops_and_establishment_bill_2016_compressed.pdf,https://labour.maharashtra.gov.in/en/publication/labour-act-rules,4,4,40ca7ff65dcedd9a3d6389a41b2fdcfdca1863b03b42cd798ba36759c6b2ca3e,"Every shop and establishment, employing ten or more workers, shall make an application for registration to such authority and in such form and manner as may be prescribed.",0.95
44,Application for Dispute before the Grievance Redressal Committee,,APPLICATION_FORMAT,Mandatory,Any aggrieved worker raising a dispute within one year from the date on which the cause of action arises,Any aggrieved worker,ONLINE_PORTAL,STATUTORY_PRESCRIBED,CANON-1070,Grievance Redressal Committee and Application for Dispute,1092,Grievance Redressal Committee and Application for Dispute,Labour and Employment,408_ir_rules_2020.pdf,https://labour.maharashtra.gov.in/en/publication/labour-act-rules,29,29,4128c2a48356a75cce80a089a6eca13e75e2467489ea448a5e36d7f01e4a9727,"Any aggrieved worker may file an application stating his dispute therein before the Grievance Redressal Committee giving his name, designation, employee Code, Department where posted, length of service in years, category of worker, address for correspondence, contact number, details of grievances and relief sought. Such application may be sent electronically or otherwise.",0.95
45,"memorandum of micro, small or, as the case may be, of medium enterprise",,PRESCRIBED_FORM,Mandatory,"Any person who intends to establish a micro, small or medium enterprise","Micro, small or medium enterprises",NOT_SPECIFIED,STATUTORY_PRESCRIBED,CANON-0365,"Memorandum filing for Micro, Small and Medium Enterprises",370,"Memorandum filing for Micro, Small and Medium Enterprises","Micro, Small and Medium Enterprises",063_Download MSMS Act PDF (MSMED_Act_2006).pdf,https://maitri.maharashtra.gov.in/resources/acts-and-rules/,7,7,44acea113d2b80236f6b6750204c177a8920c9e62c302f7e66ffeba99093add0,"shall file the memorandum of micro, small or, as the case may be, of medium enterprise with such authority as may be specified by the State Government under sub-section (4) or the Central Government under sub-section (3)",0.95
46,Annexure II,Annexure -Il,ANNEXURE,Mandatory,"Monitoring parameters for continuous effluent and emission monitoring devices prescribed under Environment (Protection) Act, 1986","Industries under 17 categories of highly polluting industries, and CETPs, Common Hazardous waste and Biomedical waste incinerators",NOT_SPECIFIED,STATUTORY_PRESCRIBED,CANON-0872,Mandatory Installation of Continuous Stack Emission and Effluent Monitoring Systems,892,Mandatory Installation of Continuous Stack Emission and Effluent Monitoring Systems,Environment and Pollution Control,361_highlyPollutedindustries_selfMonitoringCompliance_cpcbDirections.pdf,https://www.mpcb.gov.in/en/circulars-types/all,3,4,49c2dc2bfc8e07c0961ae07ca19566754e8ddac723b7bf4df20ea4b13cea6ec4,the State Boards may refer to the parameters which should be monitored by installing continuous effluent and emission monitoring devices(Annexure -Il);,0.95
47,Application for contractor license,FORM-XXI,APPLICATION_FORM,Mandatory,For the purposes of obtaining license for contract labour,Every contractor within a state or for more than one States or whole of India,ONLINE_PORTAL,STATUTORY_PRESCRIBED,CANON-1148,Qualification and Criteria of the Contractor,1171,Qualification and Criteria of the Contractor,Contract Labour,474_occupational-safety-health-and-working-conditions-central-rules-2026.pdf,https://labour.maharashtra.gov.in/en/publication/new-labour-code,198,198,4ee9e429e1b975670e55c87b78296b0d7dad8ea0630280c16ca016cc935933b1,Every application by a contractor within a state for the grant of a license shall be made on-line electronically through Shram Suvidha Portal in FORM-XXI.,1.0
48,"Application Form for Startups — MATRIX (Maharashtra Technology, Research, Incubator and Xcelerator)",,APPLICATION_FORM,Mandatory,For availing incubation tenure and rent rules under the MATRIX Scheme for startups,Startups,NOT_SPECIFIED,STATUTORY_PRESCRIBED,CANON-0211,MATRIX Scheme Incubation Tenure and Rent Rules for Startups,216,MATRIX Scheme Incubation Tenure and Rent Rules for Startups,IT/ITeS / Startups,032c_MATRIX-GR-dated-27112025.pdf,https://maitri.maharashtra.gov.in/resources/policies/,22,23,50573560bf0c9b98acf4649b4534004164092cc1df2018380a09465d3e812051,"Application Form for Startups — MATRIX (Maharashtra Technology, Research, Incubator and Xcelerator)",1.0
49,Application for Offer Letter / Intent Letter,,APPLICATION_FORM,Mandatory,For establishing industrial parks or flat-type industrial parks/complexes,"Registered entities, owners, partnership firms, private/public limited companies, cooperative societies, or trusts",PHYSICAL_DESK,STATUTORY_PRESCRIBED,CANON-0158,Applicant and Land Eligibility for Industrial Parks,163,Applicant and Land Eligibility for Industrial Parks,"Readymade Garments, Gems and Jewelry, Micro Electronics, and Photonics",027a_Modalies GR-Readymade Garment Manufacturing Gems and Jewellery-Micro Electronics and Engg Units dt- 13-09-2019.pdf,https://maitri.maharashtra.gov.in/resources/policies/,4,4,51b5b3013eb68176c9d1669432cbdd67bfa7ffa501fadb6fbc9fb3a6e2b38a3f,देकार पि (Offer Letter) प्राप्त झाल्यािांतर इरादापि प्राप्त करणेसाठी पडर. 4.14 मध्ये िमूद सक्षम अडधकारी याांिा डवहीत िमुन्यात अजय करावा. उपरोक्ट्त िमूद जमीि क्षेिापेक्षा कमी क्षेिासाठीच्या फ्लॅटेि गाळायुक्ट्त औद्योडगक सांकुलाांची (Parks) उिारणी करण्यासाठी / औद्योडगक सांकुले स्थाडपत करण्यासाठी थेट इरादापि प्राप्त करण्यासाठी पडर. 4.14 येथे िमूद केलेल्या सक्षम प्राडधकाऱयाांकिे डवहीत िमुन्यात अजय करावा.,0.95
50,Form 3,3,RETURN_REPORTING_FORM,Mandatory,Every occupier authorised under these rules shall maintain a record of hazardous and other wastes managed,Every occupier authorised under these rules,NOT_SPECIFIED,STATUTORY_PRESCRIBED,CANON-0892,Storage of hazardous and other wastes,912,Storage of hazardous and other wastes,Environment and Waste Management,331_Used_Oil_HWM_Rules_2016.pdf,https://www.mpcb.gov.in/en/circulars-types/all,58,58,52b82b31fd82985dee2c7aec3e40ed2f83454f213aaab669cc3d976c79802762,"Every occupier authorised under these rules, shall maintain a record of hazardous and other wastes managed by him in Form 3",1.0
51,Form 4,4,RETURN_REPORTING_FORM,Mandatory,Annual return containing the details of hazardous and other wastes managed on or before the 30th day of June following the financial year,Every occupier authorised under these rules,NOT_SPECIFIED,STATUTORY_PRESCRIBED,CANON-0892,Storage of hazardous and other wastes,912,Storage of hazardous and other wastes,Environment and Waste Management,331_Used_Oil_HWM_Rules_2016.pdf,https://www.mpcb.gov.in/en/circulars-types/all,58,58,52b82b31fd82985dee2c7aec3e40ed2f83454f213aaab669cc3d976c79802762,"prepare and submit to the State Pollution Control Board, an annual return containing the details specified in Form 4 on or before the 30th day of June following the financial year to which that return relates.",1.0
52,Application form for availing Incentives under Maharashtra State Export Promotion Policy 2023 for Special LSI,Annexure X,APPLICATION_FORM,Mandatory,Availing incentives under Maharashtra State Export Promotion Policy 2023 for Special LSI,Special Large Scale Industry (Special LSI),NOT_SPECIFIED,STATUTORY_PRESCRIBED,CANON-0169,Maharashtra State Export Promotion Policy 2023 Incentives for Special LSI,174,Maharashtra State Export Promotion Policy 2023 Incentives for Special LSI,Export Promotion,007_Maharashtra State Export Promotion Policy - 2023.pdf,https://maitri.maharashtra.gov.in/resources/policies/,43,44,59b8db26497946ceae7a92de351ae37a2630f0c0b47d13d5935ff6eb589ff565,Annexure X: Application form for availing Incentives under Maharashtra State Export Promotion Policy 2023 for Special LSI,0.95
53,Form -1,1,PRESCRIBED_FORM,Mandatory,"Industries falling in notification for Regulation of Persistent Organic Pollutants Rules, 2018",Industries falling in above notification,PHYSICAL_DESK,STATUTORY_PRESCRIBED,CANON-1000,Prohibition and Regulation of Persistent Organic Pollutants,1022,Prohibition and Regulation of Persistent Organic Pollutants,Environment and Pollution Control,185_Circular_Direction_issued_by_CPCB_regarding_Harmonization_of_Classification_of_Industrial_Sectors_11092019.pdf,https://www.mpcb.gov.in/en/circulars-types/all,1,1,5a45fa0eb5bb8df323aa22b38e32463deb3b23f5dd4a602b552a785a4ee911d3,"In view of the above, industries falling in above notification shall submit declaration in Form -1 to “The Hazardous Substances Management Division (HSMD) , Ministry of Environment & Forests Paryavaran Bhawan CGO Complex, Lodi Road, New Delhi - 110 003” within a period of three month from the date of issuance of this circular with a copy to this office.",0.95
54,Application for grant of authorisation for managing hazardous and other wastes,Form 1,APPLICATION_FORM,Mandatory,"Every occupier of the facility engaged in handling, generation, collection, storage, packaging, transportation, use, treatment, processing, recycling, recovery, pre-processing, co-processing, utilisation, offering for sale, transfer or disposal of the hazardous and other wastes",Every occupier of the facility,PHYSICAL_DESK,STATUTORY_PRESCRIBED,CANON-0890,Grant of authorisation for managing hazardous and other wastes,910,Grant of authorisation for managing hazardous and other wastes,Environment and Waste Management,331_Used_Oil_HWM_Rules_2016.pdf,https://www.mpcb.gov.in/en/circulars-types/all,57,57,5db7bb2ae171f5956c6058b80e8ce332d14d348ec0827999ee9d8523eac6c743,"Every occupier of the facility who is engaged in handling, generation, collection, storage, packaging, transportation, use, treatment, processing, recycling, recovery, pre-processing, co-processing, utilisation, offering for sale, transfer or disposal of the hazardous and other wastes shall be required to make an application in Form 1 to the State Pollution Control Board and obtain an authorisation from the State Pollution Control Board within a period of sixty days from the date of publication of these rules.",1.0
55,Authorisation for managing hazardous and other wastes,Form 2,PRESCRIBED_FORM,Mandatory,On receipt of an application complete in all respects for the authorisation and after inquiry and site inspection,Applicant for hazardous waste authorisation,NOT_SPECIFIED,STATUTORY_PRESCRIBED,CANON-0890,Grant of authorisation for managing hazardous and other wastes,910,Grant of authorisation for managing hazardous and other wastes,Environment and Waste Management,331_Used_Oil_HWM_Rules_2016.pdf,https://www.mpcb.gov.in/en/circulars-types/all,57,57,5db7bb2ae171f5956c6058b80e8ce332d14d348ec0827999ee9d8523eac6c743,"grant within a period of one hundred and twenty days, an authorisation in Form 2 to the applicant, which shall be valid for a period of five years",1.0
56,Letter of appointment to employee,,PROFORMA,Mandatory,No employee shall be employed in any establishment unless an appointment letter has been issued,Employer of any establishment,NOT_SPECIFIED,STATUTORY_PRESCRIBED,CANON-1146,Mandatory Letter of Appointment,1169,Mandatory Letter of Appointment,Labour and Employment,474_occupational-safety-health-and-working-conditions-central-rules-2026.pdf,https://labour.maharashtra.gov.in/en/publication/new-labour-code,143,143,5dfc3c2871261de34f3bc7d32f4008a890d6ea620da89b14050fb2c252d841d8,No employee shall be employed in any establishment unless an appointment letter has been issued to such employee in the format given below,1.0
57,Notice of accidents resulting to death,FORM-XI,RETURN_REPORTING_FORM,Mandatory,"Where at any place in an establishment, an accident occurs resulting to death",Employer of the establishment,NOT_SPECIFIED,STATUTORY_PRESCRIBED,,,,,,474_occupational-safety-health-and-working-conditions-central-rules-2026.pdf,https://labour.maharashtra.gov.in/en/publication/new-labour-code,143,143,5dfc3c2871261de34f3bc7d32f4008a890d6ea620da89b14050fb2c252d841d8,"Where at any place in an establishment, an accident occurs resulting to death, the employer of the establishment shall inform to the Inspector-cum-Facilitator forthwith in a notice in FORM-XI",1.0
58,Completed Application form,Appendix VIII(A),APPLICATION_FORM,Mandatory,To avail electricity duty exemption incentive for AVGC-XR Units,Units applying for Electricity Duty Exemption,NOT_SPECIFIED,STATUTORY_PRESCRIBED,CANON-0385,Exemption of Electricity Duty for AVGC-XR Units,390,Exemption of Electricity Duty for AVGC-XR Units,AVGC-XR,006b_AVGCXR_policy08062026.pdf,https://maitri.maharashtra.gov.in/resources/policies/,24,24,5ea02bfe4db5c5c72c64f82e8822e299d241eed532051ae71511aeeac01fc909,1. Completed Application form in Appendix VIII(A),0.95
59,Affidavit in prescribed format,Appendix VIII (B),AFFIDAVIT,Mandatory,To avail electricity duty exemption incentive for AVGC-XR Units,Units applying for Electricity Duty Exemption,NOT_SPECIFIED,STATUTORY_PRESCRIBED,CANON-0385,Exemption of Electricity Duty for AVGC-XR Units,390,Exemption of Electricity Duty for AVGC-XR Units,AVGC-XR,006b_AVGCXR_policy08062026.pdf,https://maitri.maharashtra.gov.in/resources/policies/,24,24,5ea02bfe4db5c5c72c64f82e8822e299d241eed532051ae71511aeeac01fc909,2. Affidavit in prescribed format – Appendix VIII (B),0.95
60,ELP- Form,Form-I,PRESCRIBED_FORM,Mandatory,To avail electricity duty exemption incentive for AVGC-XR Units,Units applying for Electricity Duty Exemption,NOT_SPECIFIED,STATUTORY_PRESCRIBED,CANON-0385,Exemption of Electricity Duty for AVGC-XR Units,390,Exemption of Electricity Duty for AVGC-XR Units,AVGC-XR,006b_AVGCXR_policy08062026.pdf,https://maitri.maharashtra.gov.in/resources/policies/,24,24,5ea02bfe4db5c5c72c64f82e8822e299d241eed532051ae71511aeeac01fc909,10. ELP- Form-I,0.95
61,Undertaking in prescribed format,,UNDERTAKING,Mandatory,To avail electricity duty exemption incentive for AVGC-XR Units,Units applying for Electricity Duty Exemption,NOT_SPECIFIED,STATUTORY_PRESCRIBED,CANON-0385,Exemption of Electricity Duty for AVGC-XR Units,390,Exemption of Electricity Duty for AVGC-XR Units,AVGC-XR,006b_AVGCXR_policy08062026.pdf,https://maitri.maharashtra.gov.in/resources/policies/,24,24,5ea02bfe4db5c5c72c64f82e8822e299d241eed532051ae71511aeeac01fc909,12. Undertaking in prescribed format,0.9
62,Application for financial assistance under CMEGP,,APPLICATION_FORM,Mandatory,Applying for financial assistance under the CMEGP scheme,Applicants seeking financial assistance under CMEGP,ONLINE_PORTAL,STATUTORY_PRESCRIBED,CANON-0327,CMEGP Beneficiary Identification and Sanction Process,332,CMEGP Beneficiary Identification and Sanction Process,Micro and Small Enterprises,014c_Procedural_Guidelines_CMEGP_19_09_2019.pdf,https://maitri.maharashtra.gov.in/resources/policies/,6,6,6ad3d4eb6fd70d0d3bf6b1556a58c28b79078cdbb924ed45c33f4abb1af36a12,The applicant must apply for financial assistance to respective implementing agencies on the dedicated portal viz. https://maha-cmegp.gov.in only. Under any circumstances / events receipt of physical applications will not be entertained by the implementing agencies.,0.95
63,Form V,V,PRESCRIBED_FORM,Mandatory,"Periodic medical examination of workers engaged in handling, dealing, or spraying or mixing insecticides, chemical and toxic substances",Employers / Medical examiners of workers handling toxic substances in plantations,NOT_SPECIFIED,STATUTORY_PRESCRIBED,CANON-1061,"Safety, Training and Medical Examination for Handling Toxic Substances in Plantations",1083,"Safety, Training and Medical Examination for Handling Toxic Substances in Plantations",Plantation Labour,478_state-draft-rules-for-osh-labour.pdf,https://labour.maharashtra.gov.in/en/publication/new-labour-code,206,207,6cc709eacafaa0a145b4f54064b03cdc5cd3c85326ece3722860e66e1cc592f3,The medical examination and tests shall be recorded as per the Form V.,1.0
64,Register in Form XXIII,Form XXIII,PRESCRIBED_FORM,Mandatory,Maintenance of a record of dates on which lime-washing or painting was carried out in plantation housing.,Every employer of a plantation,ONLINE_PORTAL,STATUTORY_PRESCRIBED,CANON-1059,Housing and Educational Facilities for Plantation Workers,1081,Housing and Educational Facilities for Plantation Workers,Plantation Labour,478_state-draft-rules-for-osh-labour.pdf,https://labour.maharashtra.gov.in/en/publication/new-labour-code,202,203,6e931965dd9ac5a41057f6f2df0603530a43a08e8da598f1b18ee766d0aee8d5,A record of dates on which lime-washing or painting was carried out shall be maintained in a register in Form XXIII electronically.,1.0
65,Recycled Content Certification,,CHECKLIST,Mandatory,Circular Economy Projects with minimum 50% of domestic/local raw material should be recycled material,Circular Economy Projects,NOT_SPECIFIED,SUPPORTING_ATTACHMENT,CANON-0802,"MSME Capital Subsidy, Interest Subsidy, Stamp Duty, Power Tariff, and PLI",817,"MSME Capital Subsidy, Interest Subsidy, Stamp Duty, Power Tariff, and PLI",Manufacturing,495_202512311332497910.pdf,https://industry.maharashtra.gov.in/index.php/en/services/policies,134,134,736800002aef2b982d92589b8c7996ca03d1b3bebd1942344d19917f58627274,Circular Economy Projects with minimum 50% of domestic/local raw material should be recycled material (Required Recycled Content Certification to show compliance with global standards such as ISO 14021 and EN 15343),0.95
66,APPENDIX IV - Regulations for erection of hoardings,APPENDIX IV,ANNEXURE,Mandatory,For erection and maintenance of hoardings,Applicants erecting hoardings,PHYSICAL_DESK,STATUTORY_PRESCRIBED,CANON-0643,Regulations for erection of hoardings,654,Regulations for erection of hoardings,Advertising and Infrastructure,062_Comprehensive Uniform Building Bye Law.pdf,https://maitri.maharashtra.gov.in/resources/acts-and-rules/,983,984,73e6221fdf2042de0a213ba43e9aa9caf37a0ac9587c338c3e73ca361859022d,APPENDIX IV - Regulations for erection of hoardings (Regulation No – 43 of these Regulations),0.9
67,Application form for registration of unorganised workers,,APPLICATION_FORM,Mandatory,Every eligible unorganised worker seeking registration,Unorganised workers,PHYSICAL_DESK,STATUTORY_PRESCRIBED,CANON-1020,Eligibility for Registration of Unorganised Workers,1042,Eligibility for Registration of Unorganised Workers,Labour and Social Security,452_theunorganisedwoekerssocialsecurityact2008_0 (1).pdf,https://labour.maharashtra.gov.in/en/publication/labour-act-rules,6,6,7652a2f5ffb8f10c7c41cfdbc08cfe33b4772d1c4a9ca164fb10ec09c531ea1c,Every eligible unorganised worker shall make an application in the prescribed form to the District Administration for registration.,0.95
68,Application for exemption under section 143,,APPLICATION_FORM,Mandatory,Establishment seeking exemption under section 143,Establishment seeking exemption,ONLINE_PORTAL,STATUTORY_PRESCRIBED,CANON-1090,Eligibility conditions for grant of exemption under section 143,1112,Eligibility conditions for grant of exemption under section 143,Labour and Social Security,476_social-security-central-rules-2026.pdf,https://labour.maharashtra.gov.in/en/publication/new-labour-code,203,203,771b53b3597b2008f124d57d42710c601159b4b6a9badaa00d2beeca92411032,the establishment seeking exemption shall make an application electronically or otherwise;,0.95
69,Certificate regarding the evaluation of the fire prevention and life safety measures,,PRESCRIBED_FORM,Mandatory,Evaluation of fire prevention and life safety measures in the building or part thereof,Owner or occupier of the building,NOT_SPECIFIED,STATUTORY_PRESCRIBED,CANON-1254,Fire and Life Safety Audit Mandate,1285,Fire and Life Safety Audit Mandate,Industrial and Residential Safety,492_Maharashtra Fire Prevention & Life Safety Measure Act(2023).pdf,https://mahafireservice.gov.in/fire-act.php,11,12,785a38ef9c33afe942e151dc35090d63d36895bbdaebd906f3afa39769259ba6,"the owner or occupier, as the case may be, shall furnish to the Director or Chief Fire Officer or the nominated officer, a certificate in the prescribed form issued by a licensed Fire and Life Safety Auditor regarding the evaluation of the fire prevention and life safety measures in his such building or part thereof, as required by or under the provisions of this Act or rules made thereunder.",0.95
70,Application for Fire and Life Safety Auditor Licence,,APPLICATION_FORM,Mandatory,Intending to have or renew a licence to act as a Fire and Life Safety Auditor,Any person intending to have or renew such licence,NOT_SPECIFIED,STATUTORY_PRESCRIBED,CANON-1254,Fire and Life Safety Audit Mandate,1285,Fire and Life Safety Audit Mandate,Industrial and Residential Safety,492_Maharashtra Fire Prevention & Life Safety Measure Act(2023).pdf,https://mahafireservice.gov.in/fire-act.php,11,12,785a38ef9c33afe942e151dc35090d63d36895bbdaebd906f3afa39769259ba6,Any person intending to have or renew such licence shall apply to the Director in the prescribed form and in the prescribed manner. Such application shall bear such court-fee stamp as may be prescribed and shall be accompanied by the prescribed fee.,0.95
71,Consent Renewal Application,,RENEWAL_FORM,Mandatory,Submitting renewal application prior to the expiry of consent under section 21 of the Act,"Units, industries, and health care establishments",ONLINE_PORTAL,STATUTORY_PRESCRIBED,CANON-0895,Penal Fees and Rebates for Consent Renewal under Combined Consent Regime,915,Penal Fees and Rebates for Consent Renewal under Combined Consent Regime,Pollution Control and Environment,172_Circular_2.pdf,https://www.mpcb.gov.in/en/circulars-types/all,1,1,7e84112d128f75769e72acf9dee718562719964cd054d0202f2cd510ed96b710,5% rebate on fees for submitting renewal application 4 months prior to the expiry of consent,0.95
72,Affidavit of OEM in prescribed format 'A',A,AFFIDAVIT,Mandatory,Filing of application for claiming subsidy under Maharashtra Electric Vehicle Policy - 2021,OEM of Electric Vehicle,ONLINE_PORTAL,STATUTORY_PRESCRIBED,CANON-0241,Maharashtra Electric Vehicle Policy - 2021 OEM Demand Incentives Eligibility,246,Maharashtra Electric Vehicle Policy - 2021 OEM Demand Incentives Eligibility,Electric Vehicle Manufacturing,011e_To receive the modalities for disbursement of incentives to OEMs as per.pdf,https://maitri.maharashtra.gov.in/resources/policies/,4,4,7f8d3260e6e8b4f1d331aace98a69a7c956dc16f96640af6862aa4fa696e89b1,Duly signed affidavit of OEM in prescribed format ‘A’ attached herewith.,0.95
73,Application for Registration for existing establishments/ New Establishment/Amendment to Certificate of Registration,FORM-I,APPLICATION_FORM,Mandatory,"Registration for existing establishments, new establishment, or amendment to certificate of registration","Existing establishments, new establishments, and employers seeking amendment",NOT_SPECIFIED,STATUTORY_PRESCRIBED,CANON-1062,Annual Increment of Regular Labour of a Contractor,1084,Annual Increment of Regular Labour of a Contractor,Labour,478_state-draft-rules-for-osh-labour.pdf,https://labour.maharashtra.gov.in/en/publication/new-labour-code,212,214,7faa6398f158d5b54a5d578846763ee1713ae332fc70fa3eecac504ae8feb4da,FORM-I (see rule 3 ) Application for Registration for existing establishments/ New Establishment/Amendment to Certificate of Registration,0.95
74,Consent application in prescribed format,,PRESCRIBED_FORM,Mandatory,Aerospace and Defence units involving only assembly type of manufacturing activities and not discharging process effluent and with less than 100 employees seeking GREEN category consent,Aerospace and Defence units involving only assembly type of manufacturing activities & not discharging process effluent and with less than 100 employees,NOT_SPECIFIED,STATUTORY_PRESCRIBED,CANON-0094,Legislative Simplification and Pollution Control Exemptions for Defence Units,94,Legislative Simplification and Pollution Control Exemptions for Defence Units,Aerospace and Defence,497_aerospace-and-defence-manufacturing-policy-2018.pdf,https://industry.maharashtra.gov.in/index.php/en/services/policies,45,46,80d63c27d69372ed5d940bc5c91f23df90fe8e566d3961630d7a243e3c0bbfb4,Such units will be covered in the GREEN category of consent if they submit application in prescribed format to M.P.C.B.,0.95
75,Prescribed consent application form,,APPLICATION_FORM,Mandatory,When there is an increase in Capital investment by over 10% or a decrease in Capital investment,"Red, Orange & Green Category industries",NOT_SPECIFIED,STATUTORY_PRESCRIBED,CANON-0908,"Auto-Renewal of Consent to Operate for Red, Orange & Green Category Industries",928,"Auto-Renewal of Consent to Operate for Red, Orange & Green Category Industries",Pollution Control and Environmental Regulation,198_Circular_autorenewal_consent_selfcerti_03122015.pdf,https://www.mpcb.gov.in/en/circulars-types/all,2,2,8161abffd5dd45b3815df7ca08dd75c63b4c60a164730b6aaee23e5c266cebed,The industry needs to apply in prescribed consent application form.,0.9
76,Format of self-certification on compliances of earlier Consent conditions,Annexure 'A',ANNEXURE,Mandatory,For the auto-renewal of consent under the auto-renewal policy,Industries under purview of CC/CAC and other industries,PHYSICAL_DESK,STATUTORY_PRESCRIBED,CANON-0908,"Auto-Renewal of Consent to Operate for Red, Orange & Green Category Industries",928,"Auto-Renewal of Consent to Operate for Red, Orange & Green Category Industries",Pollution Control and Environmental Regulation,198_Circular_autorenewal_consent_selfcerti_03122015.pdf,https://www.mpcb.gov.in/en/circulars-types/all,2,2,8161abffd5dd45b3815df7ca08dd75c63b4c60a164730b6aaee23e5c266cebed,industries under purview of CC/CAC shall submit format of self-certification (Annexure 'A') on compliances of earlier Consent conditions duly signed by person authorized by Company's Board,0.98
77,Copy of the Resolution,Annexure 'C1',ANNEXURE,Mandatory,For the auto-renewal of industries under purview of CC/CAC,Industries under purview of CC/CAC,PHYSICAL_DESK,SUPPORTING_ATTACHMENT,CANON-0908,"Auto-Renewal of Consent to Operate for Red, Orange & Green Category Industries",928,"Auto-Renewal of Consent to Operate for Red, Orange & Green Category Industries",Pollution Control and Environmental Regulation,198_Circular_autorenewal_consent_selfcerti_03122015.pdf,https://www.mpcb.gov.in/en/circulars-types/all,2,2,8161abffd5dd45b3815df7ca08dd75c63b4c60a164730b6aaee23e5c266cebed,shall submit the copy of the said Resolution (Annexure-'C1) along with the prescribed fees at SRO/RO Offices.,0.95
78,Commitment towards compliance of the Consent conditions & the Environmental Laws,Annexure 'B1',ANNEXURE,Mandatory,For the auto-renewal of industries other than CC/CAC purview,Industries other than CC/CAC purview,PHYSICAL_DESK,STATUTORY_PRESCRIBED,CANON-0908,"Auto-Renewal of Consent to Operate for Red, Orange & Green Category Industries",928,"Auto-Renewal of Consent to Operate for Red, Orange & Green Category Industries",Pollution Control and Environmental Regulation,198_Circular_autorenewal_consent_selfcerti_03122015.pdf,https://www.mpcb.gov.in/en/circulars-types/all,2,2,8161abffd5dd45b3815df7ca08dd75c63b4c60a164730b6aaee23e5c266cebed,industry shall submit Commitment towards compliance of the Consent conditions & the Environmental Laws in prescribed format (Annexure-'B1).,0.95
79,Application for Permanent Registration Certificate for Logistics Park,,APPLICATION_FORM,Mandatory,"After completing the construction of the logistics park and obtaining the Building Completion Certificate (BCC/OC), the developer must apply within six months.",Logistics Park Developer,PHYSICAL_DESK,STATUTORY_PRESCRIBED,CANON-0148,Logistic Park Registration and Compliance,153,Logistic Park Registration and Compliance,Logistics,025d_Logistics Parks Policy-Modilities dt-27-08-2019.pdf,https://maitri.maharashtra.gov.in/resources/policies/,18,19,8883825eee60d18fe4c6ed2f3699c138f8460899a6c9830efde59fe661bb98fa,जवकािकािे लॉजिस्टीक पाककचे बांधकाम पुणक करूि जियोिि प्राजधकरणाकडूि इमारत पुणकमवाचा दाखला (BCC/OC) प्राप्त करूि जवकािकािे िहा मजहन्यात िंबंजधत िक्षम प्राजधकाऱ्याकडे कायमस्वरुपी िोंदणी प्रमाणपत्र प्राप्त करण्यािाठी अिक करणे आवश्यक राहील.,0.95
80,Application for Amendment in Letter of Intent/Registration Certificate,,APPLICATION_FORM,Mandatory,"If any amendment is to be made in the Letter of Intent/Registration Certificate such as construction area, name of the park, management, etc.",Logistics Park Developer,PHYSICAL_DESK,STATUTORY_PRESCRIBED,CANON-0148,Logistic Park Registration and Compliance,153,Logistic Park Registration and Compliance,Logistics,025d_Logistics Parks Policy-Modilities dt-27-08-2019.pdf,https://maitri.maharashtra.gov.in/resources/policies/,18,19,8883825eee60d18fe4c6ed2f3699c138f8460899a6c9830efde59fe661bb98fa,"लॉजिस्टीक पाककच्या िंदर्भात इरादापत्र/िोंदणी प्रमाणपत्र मध्ये कोणतीही दुरुस्ती करावयाची अिल्याि उदा. बांधकाम क्षेत्र, पाककचे िांव, व्यवस्थापि इमयादीबाबत िमथकिािह व आवश्यक मया कार्दपत्राच्या पुराव्यािह िंबंजधत िक्षम प्राजधकाऱ्याकडे अिक करणे आवश्यक आहे.",0.95
81,Application for Letter of Intent and Registration Certificate,,APPLICATION_FORM,Mandatory,For obtaining a Letter of Intent and Registration Certificate for the Logistics Park.,Logistics Park Developer,PHYSICAL_DESK,STATUTORY_PRESCRIBED,CANON-0148,Logistic Park Registration and Compliance,153,Logistic Park Registration and Compliance,Logistics,025d_Logistics Parks Policy-Modilities dt-27-08-2019.pdf,https://maitri.maharashtra.gov.in/resources/policies/,18,19,8883825eee60d18fe4c6ed2f3699c138f8460899a6c9830efde59fe661bb98fa,इरादापत्र व िोंदणी प्रमाणपत्रािाठी अिक िादर करणे : इरादापत्र/िोंदणी प्रमाणपत्रािाठी जवकािकािे जवकाि आयुक्त (उद्योर्) यांिी जवहीत केलेल्या िमुन्यातील िमूद केलेल्या कार्दपत्रांिह िक्षम अजधकारी /जवकाि आयुक्त (उद्योर्) यांच्याकडे अिक िादर करणे आवश्यक राहील.,0.95
82,Application in the prescribed form for LOI,Annexure-I,APPLICATION_FORM,Mandatory,Essential along with the application for LOI to Logistic Park,Promoter / developer,PHYSICAL_DESK,STATUTORY_PRESCRIBED,CANON-0052,Letter of Intent Validity for Logistic Park,52,Letter of Intent Validity for Logistic Park,Infrastructure and Logistics,025c_Logistic Park Policy2018 PARIPATRAK MODALITIES GUIDE 1.pdf,https://maitri.maharashtra.gov.in/resources/policies/,2,2,8a321a5c53cd9e0f767080ffcd0d989946fe0c0d567aa0873376048723aca776,Application in the prescribed from for LOI (Annexure-l),0.95
83,Affidavit as per prescribed format,Annexure-II,AFFIDAVIT,Mandatory,Duly notarized on Rs. 100/- stamp paper along with the application for LOI,Promoter / developer,PHYSICAL_DESK,STATUTORY_PRESCRIBED,CANON-0052,Letter of Intent Validity for Logistic Park,52,Letter of Intent Validity for Logistic Park,Infrastructure and Logistics,025c_Logistic Park Policy2018 PARIPATRAK MODALITIES GUIDE 1.pdf,https://maitri.maharashtra.gov.in/resources/policies/,2,2,8a321a5c53cd9e0f767080ffcd0d989946fe0c0d567aa0873376048723aca776,Affidavit as per prescribed format duly notaries on Rs. 100/- stamp paper. (Annexure-tl),0.95
84,Project details to be furnished by promoter for obtaining LOI/Extension/Registration/ of Logistic Park,Annexure-III,PROFORMA,Mandatory,Essential along with the application for LOI,Promoter / developer,PHYSICAL_DESK,STATUTORY_PRESCRIBED,CANON-0052,Letter of Intent Validity for Logistic Park,52,Letter of Intent Validity for Logistic Park,Infrastructure and Logistics,025c_Logistic Park Policy2018 PARIPATRAK MODALITIES GUIDE 1.pdf,https://maitri.maharashtra.gov.in/resources/policies/,2,2,8a321a5c53cd9e0f767080ffcd0d989946fe0c0d567aa0873376048723aca776,Project details to be furnished by promote for obtaining LOW Extension/Registration/ of Logistic Park (Annexure-lll),0.95
85,Certificate from registered Architect indicating distribution of BUA,Annexure-IV,PRESCRIBED_FORM,Mandatory,Essential along with the application for LOI,Promoter / developer,PHYSICAL_DESK,STATUTORY_PRESCRIBED,CANON-0052,Letter of Intent Validity for Logistic Park,52,Letter of Intent Validity for Logistic Park,Infrastructure and Logistics,025c_Logistic Park Policy2018 PARIPATRAK MODALITIES GUIDE 1.pdf,https://maitri.maharashtra.gov.in/resources/policies/,2,2,8a321a5c53cd9e0f767080ffcd0d989946fe0c0d567aa0873376048723aca776,"Certificate from registered Architect indicating distribution of BUA to be used/utilized for Logistic Park, support service sector with name of the developer and lccation of Logistic Park with Architect registration no. & seal. (Annexure-lV)",0.95
86,Format of Undertaking,Annexure-V,UNDERTAKING,Mandatory,Essential along with the application for LOI,Promoter / developer,PHYSICAL_DESK,STATUTORY_PRESCRIBED,CANON-0052,Letter of Intent Validity for Logistic Park,52,Letter of Intent Validity for Logistic Park,Infrastructure and Logistics,025c_Logistic Park Policy2018 PARIPATRAK MODALITIES GUIDE 1.pdf,https://maitri.maharashtra.gov.in/resources/policies/,2,2,8a321a5c53cd9e0f767080ffcd0d989946fe0c0d567aa0873376048723aca776,Format of Undertaking (Annexure-V),0.95
87,Form-XXIX,Form-XXIX,PRESCRIBED_FORM,Mandatory,When giving notice under section 92(1) before processing an application by a competent authority other than the one having jurisdiction over the area where the accident took place,Employers or applicants under the employee's compensation provisions,ONLINE_PORTAL,STATUTORY_PRESCRIBED,CANON-1089,Rate of interest payable by employer for delayed compensation,1111,Rate of interest payable by employer for delayed compensation,Labour and Employment,476_social-security-central-rules-2026.pdf,https://labour.maharashtra.gov.in/en/publication/new-labour-code,200,200,8ff15e5ab0d5a3e5d6de1e6916677ca57875fa03b95d2766a915ce6f495ca793,giving notice in Form-XXIX electronically or otherwise to the competent authority having jurisdiction over the area in which accident occurred and the State Government concerned,0.95
88,Form-XXVII,Form-XXVII,APPLICATION_FORM,Mandatory,When sending or presenting an application for claim or settlement under section 93,Applicants for claim or settlement,NOT_SPECIFIED,STATUTORY_PRESCRIBED,CANON-1089,Rate of interest payable by employer for delayed compensation,1111,Rate of interest payable by employer for delayed compensation,Labour and Employment,476_social-security-central-rules-2026.pdf,https://labour.maharashtra.gov.in/en/publication/new-labour-code,200,200,8ff15e5ab0d5a3e5d6de1e6916677ca57875fa03b95d2766a915ce6f495ca793,"made in duplicate in Form-XXVII, if any, and shall be signed by the applicant",0.95
89,Form-XXVIII,Form-XXVIII,DECLARATION,Mandatory,Must be appended to every application for claim or settlement under section 93,Applicants for claim or settlement,NOT_SPECIFIED,STATUTORY_PRESCRIBED,CANON-1089,Rate of interest payable by employer for delayed compensation,1111,Rate of interest payable by employer for delayed compensation,Labour and Employment,476_social-security-central-rules-2026.pdf,https://labour.maharashtra.gov.in/en/publication/new-labour-code,200,200,8ff15e5ab0d5a3e5d6de1e6916677ca57875fa03b95d2766a915ce6f495ca793,"appended to every such application a certificate in Form-XXVIII, which shall be signed by the applicant to the effect that the statement of facts contained in the application is to the best of his knowledge and belief, accurate",0.95
90,Intimation letter,Appendix-K-1,PRESCRIBED_FORM,Mandatory,Building on a Plot Area upto 150 sq.m. under Low Risk Category,Applicant for Low Risk Category Building Permission,NOT_SPECIFIED,STATUTORY_PRESCRIBED,CANON-0556,Low Risk Category Building Permission,566,Low Risk Category Building Permission,Real Estate / Construction,062_Comprehensive Uniform Building Bye Law.pdf,https://maitri.maharashtra.gov.in/resources/acts-and-rules/,396,396,9383ff06c3465104411a6955d423cecfa17a043cc9e3ef872bbc0449282e772f,Applicant shall submit the intimation letter as per Appendix-K-1 along with i) Ownership document. ii) Copy of approved layout showing plot/ measurement plan of plot. iii) Building plan showing periphery of construction (P-line) floor,0.95
91,FORM-V,FORM-V,PRESCRIBED_FORM,Mandatory,Registering officer shall maintain this form showing particulars of establishment in relation to which certificates of registration have been issued.,Registering officer,NOT_SPECIFIED,STATUTORY_PRESCRIBED,CANON-1145,Annual Health Examination of Employees,1168,Annual Health Examination of Employees,Labour and Employment,474_occupational-safety-health-and-working-conditions-central-rules-2026.pdf,https://labour.maharashtra.gov.in/en/publication/new-labour-code,142,142,93dbcbc714a6c452854436af0da42022887577171efb4df93a8f8b181947b025,The registering officer shall maintain in FORM-V showing the particulars of establishment in relation to which certificates of registration have been issued.,1.0
92,FORM-II,FORM-II,PRESCRIBED_FORM,Mandatory,"Within thirty days of the closing of the establishment other than mines, intimate to the Registering Officer and Inspector-cum-Facilitator.",Employer of establishment other than mines,NOT_SPECIFIED,STATUTORY_PRESCRIBED,CANON-1145,Annual Health Examination of Employees,1168,Annual Health Examination of Employees,Labour and Employment,474_occupational-safety-health-and-working-conditions-central-rules-2026.pdf,https://labour.maharashtra.gov.in/en/publication/new-labour-code,142,142,93dbcbc714a6c452854436af0da42022887577171efb4df93a8f8b181947b025,"The employer shall within thirty days of the closing of the establishment other than mines, intimate to the Registering Officer and also to Inspector-cum-Facilitator having jurisdiction in the area where the establishment is situated intimating the actual date of closing of establishment in FORM-II along with certificate of payment of all dues and statutory returns to the workers",1.0
93,FORM-IV,FORM-IV,PRESCRIBED_FORM,Mandatory,"On receipt of FORM-II complete in all respects, the registering officer shall cancel certificate of registration and issue cancellation in FORM-IV.",Registering Officer,ONLINE_PORTAL,STATUTORY_PRESCRIBED,CANON-1145,Annual Health Examination of Employees,1168,Annual Health Examination of Employees,Labour and Employment,474_occupational-safety-health-and-working-conditions-central-rules-2026.pdf,https://labour.maharashtra.gov.in/en/publication/new-labour-code,142,142,93dbcbc714a6c452854436af0da42022887577171efb4df93a8f8b181947b025,"On receipt of FORM-II complete in all respects, the registering officer shall cancel the certificate of registration and issue cancellation of certificate of registration in FORM-IV electronically within sixty days from the receipt of FORM-II.",1.0
94,FORM-VI,FORM-VI,PRESCRIBED_FORM,Mandatory,Within thirty days of the commencement or cessation of operation of the establishment.,Employer of establishment relating to contract labour or building or other construction work,NOT_SPECIFIED,STATUTORY_PRESCRIBED,CANON-1145,Annual Health Examination of Employees,1168,Annual Health Examination of Employees,Labour and Employment,474_occupational-safety-health-and-working-conditions-central-rules-2026.pdf,https://labour.maharashtra.gov.in/en/publication/new-labour-code,142,142,93dbcbc714a6c452854436af0da42022887577171efb4df93a8f8b181947b025,submit a notice in FORM-VI to the registering officer and also to the Inspector-cum-Facilitator having jurisdiction in the area where the establishment is situated.,1.0
95,FORM-VII,FORM-VII,PRESCRIBED_FORM,Mandatory,"In the case of mines, prior notice of commencement, reopening, cessation, discontinuation or abandonment of operations or closing of mines.",Employer of every mine,NOT_SPECIFIED,STATUTORY_PRESCRIBED,CANON-1145,Annual Health Examination of Employees,1168,Annual Health Examination of Employees,Labour and Employment,474_occupational-safety-health-and-working-conditions-central-rules-2026.pdf,https://labour.maharashtra.gov.in/en/publication/new-labour-code,142,142,93dbcbc714a6c452854436af0da42022887577171efb4df93a8f8b181947b025,"Provided that in the case of mines, the employer of every mine shall give not less than thirty days’ prior notice of the commencement, reopening, cessation, discontinuation or abandonment of operations or closing of mines in FORM- VII.",1.0
96,FORM-VIII,FORM-VIII,PRESCRIBED_FORM,Mandatory,Annual medical examination of employees who have completed forty years of age.,"Every employer of dock work, building or other construction work",NOT_SPECIFIED,STATUTORY_PRESCRIBED,CANON-1145,Annual Health Examination of Employees,1168,Annual Health Examination of Employees,Labour and Employment,474_occupational-safety-health-and-working-conditions-central-rules-2026.pdf,https://labour.maharashtra.gov.in/en/publication/new-labour-code,142,142,93dbcbc714a6c452854436af0da42022887577171efb4df93a8f8b181947b025,The medical examination shall be conducted by a qualified medical practitioner and a certificate shall be provided FORM-VIII to both the employer and employee,1.0
97,Specimen Application for availing Incentives for units under IT/ITeS Policy 2023,,APPLICATION_FORM,Mandatory,Availing incentives for units under IT/ITeS Policy 2023,"IT/ITeS Unit, Data Center, AVGC Unit, Emerging Technology Unit",NOT_SPECIFIED,STATUTORY_PRESCRIBED,CANON-0332,Incentives for Units under IT/ITeS Policy 2023,337,Incentives for Units under IT/ITeS Policy 2023,IT/ITES,032b_ITI_Tes_Policy_2024.pdf,https://maitri.maharashtra.gov.in/resources/policies/,38,40,94831572a354ebeaf36a5cd7ecdee3a7d749bb82bf7ee57633b0f36574633bb5,Appendix “A” Specimen Application for availing Incentives for units under IT/ITeS Policy 2023,1.0
98,महाराष्ट्र औद्योगिक विकास महामंडळाचे विहित केलेल्या नमुन्यात अर्ज,,APPLICATION_FORM,Mandatory,Developing an Integrated Logistic Park (I.L.P) on MIDC land,Developers of Integrated Logistic Parks on MIDC land,NOT_SPECIFIED,STATUTORY_PRESCRIBED,CANON-0141,Maharashtra Logistic Parks Policy 2018 - Integrated Logistic Park Definition and Land Use,146,Maharashtra Logistic Parks Policy 2018 - Integrated Logistic Park Definition and Land Use,Logistics and Warehousing,025d_Logistics Parks Policy-Modilities dt-27-08-2019.pdf,https://maitri.maharashtra.gov.in/resources/policies/,4,5,9802c90a662d6d95a79697601f6acfe9201182b12d9b01234d7e6eee25e36a60,विकासकाने सक्षम प्राधिकारी यांच्याकडे महाराष्ट्र औद्योगिक विकास महामंडळाचे विहित केलेल्या नमुन्यात अर्ज सादर करणे आवश्यक राहील.,0.95
99,Form XIV,XIV,RENEWAL_FORM,Mandatory,Every application for renewal of a license under section 119 of the Code,Employer of every industrial premise,ONLINE_PORTAL,STATUTORY_PRESCRIBED,CANON-1057,Licensing of Industrial Premises for Beedi and Cigar Manufacturing,1079,Licensing of Industrial Premises for Beedi and Cigar Manufacturing,Labour,478_state-draft-rules-for-osh-labour.pdf,https://labour.maharashtra.gov.in/en/publication/new-labour-code,198,199,98644d47b3f2812e069b7775ea5bcbe786f5c780ea6a7fbbb99696b894a16127,"Every application for renewal of a license under section 119 of the Code, shall be made electronically on the State portal in Form XIV.",1.0
100,Self-declaration in Annexure-B,Annexure-B,DECLARATION,Mandatory,Application for license of industrial premises,Employer of every industrial premise,ONLINE_PORTAL,SUPPORTING_ATTACHMENT,CANON-1057,Licensing of Industrial Premises for Beedi and Cigar Manufacturing,1079,Licensing of Industrial Premises for Beedi and Cigar Manufacturing,Labour,478_state-draft-rules-for-osh-labour.pdf,https://labour.maharashtra.gov.in/en/publication/new-labour-code,198,199,98644d47b3f2812e069b7775ea5bcbe786f5c780ea6a7fbbb99696b894a16127,self-declaration in Annexure-B,1.0
101,Self-declaration for Self Attestation in Annexure-C,Annexure-C,DECLARATION,Mandatory,Application for license of industrial premises,Employer of every industrial premise,ONLINE_PORTAL,SUPPORTING_ATTACHMENT,CANON-1057,Licensing of Industrial Premises for Beedi and Cigar Manufacturing,1079,Licensing of Industrial Premises for Beedi and Cigar Manufacturing,Labour,478_state-draft-rules-for-osh-labour.pdf,https://labour.maharashtra.gov.in/en/publication/new-labour-code,198,199,98644d47b3f2812e069b7775ea5bcbe786f5c780ea6a7fbbb99696b894a16127,self-declaration for Self Attestation in Annexure-C,1.0
103,Annexure A,Annexure A,ANNEXURE,Mandatory,Electricity subsidy rates for existing units,Existing cooperative units,NOT_SPECIFIED,STATUTORY_PRESCRIBED,CANON-0267,Cooperative Spinning Mills and MAHA-TUFS Incentives,272,Cooperative Spinning Mills and MAHA-TUFS Incentives,Textiles,097_Integrated-and-Sustainable-Textile-Policy-2023.pdf,https://midc.maharashtra.gov.in/en/investors/industrial-policies-and-incentives/,55,55,9a740437984076100bc5a170facc736e86d8247c85bb61aff63e2aa89001cd65,"In the case of electricity subsidy for existing units, subsidy will be provided as per the rates given in Annexure A for a period of 2 years only.",0.9
104,Application for incentives,,APPLICATION_FORM,Mandatory,"For availing the benefits/ incentives under export promotion policy where unit exports minimum 50% (30% for SC, ST and Women entrepreneurs) of their total turnover.","Manufacturing MSMEs, Exporting Units, and Special Large Category units",NOT_SPECIFIED,STATUTORY_PRESCRIBED,CANON-0835,Export Promotion Policy Package of Incentives for MSMEs Outside EOIP,850,Export Promotion Policy Package of Incentives for MSMEs Outside EOIP,Manufacturing and Exports,096_Maharashtra-State-Export-Promotion-Policy-2023.pdf,https://midc.maharashtra.gov.in/en/investors/industrial-policies-and-incentives/,38,38,9a7c89f4316af6af4f7cf980b1c247b634d29c3f19ed652f2a0783c80382fac6,"The documentation, certifications confirming the eligibility shall be produced by filing the application for incentives.",0.9
105,Tripartite Agreement,Annex 3,ANNEXURE,Mandatory,For CFC projects,"SPV, State Government concerned and GoI",NOT_SPECIFIED,STATUTORY_PRESCRIBED,CANON-0433,MSE-CDP Exhibition Centres by Associations of Women Entrepreneurs,440,MSE-CDP Exhibition Centres by Associations of Women Entrepreneurs,MSME,017b_ModifiedGuidelinesofMSECDP_10-02-2010.pdf,https://maitri.maharashtra.gov.in/resources/policies/,6,6,9eae6e87017df6899932fe770d9048a895329d650b71cf52496bda5265ea1a9c,"A Tripartite Agreement among the GoI, the State Government concerned and the SPV shall be signed for CFC projects. The format of the agreement is given at Annex 3.",0.95
106,Detailed Project Report,Annex 2,PROFORMA,Mandatory,For setting up of a common facility center for cluster of MSE units and/or infrastructure development project,Cluster of MSE units / SPV,NOT_SPECIFIED,STATUTORY_PRESCRIBED,CANON-0432,MSE-CDP Detailed Project Report (DPR) and Hard Interventions,439,MSE-CDP Detailed Project Report (DPR) and Hard Interventions,MSME,017b_ModifiedGuidelinesofMSECDP_10-02-2010.pdf,https://maitri.maharashtra.gov.in/resources/policies/,4,4,9f5937c9a878c513abf8c243333fea9c436542fc0ba24c5c4bbef1975aa411d4,The indicative format for preparation of DPR is given at Annex 2.,0.95
107,Bank Certificate for availing Interest Subsidy,Annexure IX,ANNEXURE,Mandatory,Availing Interest Subsidy for Term Loans,Export Promotion sector units availing term loans,NOT_SPECIFIED,STATUTORY_PRESCRIBED,CANON-0168,Interest Subsidy for Term Loans,173,Interest Subsidy for Term Loans,Export Promotion,007_Maharashtra State Export Promotion Policy - 2023.pdf,https://maitri.maharashtra.gov.in/resources/policies/,41,42,a17643d9ea76d6ff039bb43d286be1a1551fac1a45b1e484b43af13e50619299,Annexure IX: Bank Certificate for availing Interest Subsidy,0.95
108,Form A,A,PRESCRIBED_FORM,Mandatory,To submit information about sanctioned units under the interest subsidy scheme,"Nodal agencies, Banks, and Financial institutions",ONLINE_PORTAL,STATUTORY_PRESCRIBED,CANON-0469,Interest Subsidy Scheme for Textile Policy 2011-17,479,Interest Subsidy Scheme for Textile Policy 2011-17,Textiles,040_New_Maharashtra_Textile_Policy-2011-17.pdf,https://maitri.maharashtra.gov.in/resources/policies/,12,13,a60c0a615741e6676c2a9d0fdbe2b011dc8dc0ef3a9432123307684312bd96cc,"To submit information about sanctioned units and proposals of interest subsidies will be submitted in annexed Forms ""A"" and ""B"" respectively to the State Government online, through the Director, Textile, Government of Maharashtra.",0.95
109,Form B,B,PRESCRIBED_FORM,Mandatory,To submit proposals of interest subsidies under the interest subsidy scheme,"Nodal agencies, Banks, and Financial institutions",ONLINE_PORTAL,STATUTORY_PRESCRIBED,CANON-0469,Interest Subsidy Scheme for Textile Policy 2011-17,479,Interest Subsidy Scheme for Textile Policy 2011-17,Textiles,040_New_Maharashtra_Textile_Policy-2011-17.pdf,https://maitri.maharashtra.gov.in/resources/policies/,12,13,a60c0a615741e6676c2a9d0fdbe2b011dc8dc0ef3a9432123307684312bd96cc,"To submit information about sanctioned units and proposals of interest subsidies will be submitted in annexed Forms ""A"" and ""B"" respectively to the State Government online, through the Director, Textile, Government of Maharashtra.",0.95
110,Annexure-II,II,ANNEXURE,Mandatory,For uploading an undertaking on the company letter head during EPR registration,Producers,ONLINE_PORTAL,STATUTORY_PRESCRIBED,,,,,,332_Used_Oil_SoP_Producer_Registration_2024.pdf,https://www.mpcb.gov.in/en/circulars-types/all,15,17,a616af2cb30603c289335c24f28e246da193cf4171cf3a3c72e4e37d4d258ead,Producer shall upload the undertaking at company letter head as per the format provided at Annexure-II.,0.95
111,Provisional Contribution Assessment Form,Form-XX,RETURN_REPORTING_FORM,Mandatory,Every aggregator shall assess contribution payable under sub-section (4) of section 114 and pay provisional contribution.,Every aggregator,ONLINE_PORTAL,STATUTORY_PRESCRIBED,CANON-1088,Contribution and Refund Rules for Aggregators,1110,Contribution and Refund Rules for Aggregators,Labour and Employment,476_social-security-central-rules-2026.pdf,https://labour.maharashtra.gov.in/en/publication/new-labour-code,191,191,a994f5c187929b12e68be0ea9fe85fb47645b0762bf4eb1aac7b80389b1ce655,"Every aggregator shall assess contribution payable under sub-section (4) of section 114 in Form-XX and pay provisional contribution as assessed in the designated account of the Social Security Fund, for the preceding year not later than the 30th June of the current year in which the contribution is payable",0.95
112,Final Return and Refund Claim Form,Form-XXI,RETURN_REPORTING_FORM,Mandatory,"After finalisation of the audited statement of the account, or in case of excess contribution paid, to claim a refund.",Each aggregator,ONLINE_PORTAL,STATUTORY_PRESCRIBED,CANON-1088,Contribution and Refund Rules for Aggregators,1110,Contribution and Refund Rules for Aggregators,Labour and Employment,476_social-security-central-rules-2026.pdf,https://labour.maharashtra.gov.in/en/publication/new-labour-code,191,191,a994f5c187929b12e68be0ea9fe85fb47645b0762bf4eb1aac7b80389b1ce655,"each aggregator shall submit a final return in Form-XXI, detailing the provisional payment of contribution made along with the details of outstanding contribution, if any, paid by 31st October, of the current year in which the contribution is payable. (c) In case of excess contribution, if any, paid by any aggregator, such aggregator shall claim the refund in Form-XXI of such excess amount.",0.95
113,Health Register Form-21,Form-21,PRESCRIBED_FORM,Mandatory,Suspension from employment in any process in which dangerous pesticides is used by written certificate,Factories or parts thereof in which the process of manufacture or manipulation of a dangerous pesticide is carried on,PHYSICAL_DESK,STATUTORY_PRESCRIBED,CANON-1135,Schedule-XVI: Manufacture and Manipulation of Dangerous Pesticides,1158,Schedule-XVI: Manufacture and Manipulation of Dangerous Pesticides,Manufacturing / Chemical Safety,475_part-i-l-50_0.pdf,https://labour.maharashtra.gov.in/en/publication/new-labour-code,421,422,aa16495fd4c869935bc23ae99c1f6493400fae14732e6bfeb62fd3d1d0a646f7,suspension from employment in any process in which dangerous pesticides is used by written certificate in the Health Register in Form-21 signed by the Factory Medical Officer,0.95
114,Annexure IV,Annexure IV,ANNEXURE,Mandatory,Reference to annexure for Payroll Subsidy and other incentives under the Maharashtra GCC Policy 2025,Eligible new and expansion GCC units,NOT_SPECIFIED,STATUTORY_PRESCRIBED,CANON-1222,Payroll Subsidy,1251,Payroll Subsidy,Global Capability Centers (GCC),508_operational-guidelines-for-maharashtra-gcc-policy-2025.pdf,https://industry.maharashtra.gov.in/index.php/en/services/policies,16,16,acc8bf606b1d6c8ce43740bc24fc1f29f5daba0b8acd167c39413d56f4e4e11f,Annexure IV,0.9
115,Undertaking Form for Export Oriented Specific Project (EOSP) / Export Oriented Industrial Park (EOIP),Annexure III,ANNEXURE,Mandatory,Establishment and operation of Export Oriented Specific Project / Export Oriented Industrial Park,Export Oriented Specific Projects / Export Oriented Industrial Parks,PHYSICAL_DESK,STATUTORY_PRESCRIBED,CANON-0165,Export Commitment for EOSP/EOIP,170,Export Commitment for EOSP/EOIP,Export Oriented Projects / Industrial Parks,007_Maharashtra State Export Promotion Policy - 2023.pdf,https://maitri.maharashtra.gov.in/resources/policies/,32,32,acd1d81af670ec12e6fd5dbecba62e0fb7dbd9bc42d3bf05e3109029db201944,"Annexure III: Undertaking Form for Export Oriented Specific Project (EOSP) / Export Oriented Industrial Park (EOIP) (On Company Letter Head) I, ____________________, hereby solemnly undertake the responsibilities associated with the establishment and operation of the Export Oriented Specific Project (EOSP) / Export Oriented Industrial Park (EOIP)",0.95
116,Affidavit for EWS/LIG Tenement Sale Restriction,,AFFIDAVIT,Mandatory,Only one tenement should be sold to a family and adjoining tenement should not be sold to a close relative,Land owner / developer and purchaser,NOT_SPECIFIED,STATUTORY_PRESCRIBED,CANON-0516,Development of Housing for EWS/LIG in Residential Zone,526,Development of Housing for EWS/LIG in Residential Zone,Housing / Real Estate,062_Comprehensive Uniform Building Bye Law.pdf,https://maitri.maharashtra.gov.in/resources/acts-and-rules/,165,165,ad764dbf9b885e7f4df1cd6eee316cdd2a58e72262da71cfe45771e0bba2e610,Only one tenement should be sold to a family. Adjoining tenement should not be sold to a close relative of such tenement owner. Affidavit to that effect shall be obtained from the land owner/ developer and purchaser.,0.9
117,Declaration by Structural Designer,,DECLARATION,Mandatory,In every Integrated IT Township proposal,Developer / Structural Designer,NOT_SPECIFIED,STATUTORY_PRESCRIBED,CANON-0552,Integrated IT Township FSI and Infrastructure,562,Integrated IT Township FSI and Infrastructure,Information Technology,062_Comprehensive Uniform Building Bye Law.pdf,https://maitri.maharashtra.gov.in/resources/acts-and-rules/,349,349,aea017f5be124b459868b5a3308ab8d2effbf764bcb791921a60fe8c410336c2,"In every Integrated IT Township proposal the Structural Designer of developer has to submit declaration with project report to the Authority about the construction of buildings below: `I have confirmed that the proposed construction in the scheme is as per norms as specified by Bureau of Indian Standard for the resistance of earthquake, fire safety &natural calamities'.",0.95
118,स्वयंप्रमाणीत अहवाल/माजहती पत्र,,RETURN_REPORTING_FORM,Mandatory,दर सहा महिन्यांनी माहिती सादर करणे बंधनकारक राहील.,लॉजिस्टीक पाककचे बांधकाम क्षेत्र वापरत असलेल्या संबंधित विकासक/प्रवर्तक,ONLINE_PORTAL,STATUTORY_PRESCRIBED,CANON-0149,Logistic Park Infrastructure and Misuse Penalty,154,Logistic Park Infrastructure and Misuse Penalty,Logistics,025d_Logistics Parks Policy-Modilities dt-27-08-2019.pdf,https://maitri.maharashtra.gov.in/resources/policies/,20,21,b01205e1fba82c1c68c4edd971747dd4a5a226bf159e98dd447859c44da12d23,"स्वयंप्रमाणीत अहवाल/माजहती पत्र उद्योर् िंचालिालय व मयाच्या अजधपमयाखलील उद्योर् िह िंचालक, जवर्भार्ीय कायालय, तिेच ज्यांिी इमारत आराखडयाि मंिुरी जदली आहे अिे जियोिि प्राजधकारी यांच्या कायालयाि दर िहा मजहन्यांिी जवकाि आयुक्त (उद्योर्) यांिी जवजहत केलेल्या िमुन्यात माजहती िादर करणे बंधिकारक राजहल.",0.95
119,Form-X,Form-X,PRESCRIBED_FORM,Mandatory,"On production of a certificate stating that she is pregnant and expected to be delivered of a child within six weeks, or delivered of a child, or in case of miscarriage/medical termination of pregnancy.",Every woman entitled to maternity benefit,PHYSICAL_DESK,STATUTORY_PRESCRIBED,CANON-1091,Maternity Benefit and Leave Entitlement,1113,Maternity Benefit and Leave Entitlement,Social Security and Labour,476_social-security-central-rules-2026.pdf,https://labour.maharashtra.gov.in/en/publication/new-labour-code,221,221,b0d55a48d1a5ca46a9ae78567affaa0e372181b38a9a7ea3c1365126bc5df061,on production of a certificate in Form-X stating that she is pregnant and is expected to be delivered of a child within six weeks of the date of production of the certificate,1.0
120,Form-XI,Form-XI,PRESCRIBED_FORM,Mandatory,When a woman employed in an establishment and entitled to maternity benefit gives notice in writing to her employer.,Any woman employed in an establishment and entitled to maternity benefit,PHYSICAL_DESK,STATUTORY_PRESCRIBED,CANON-1091,Maternity Benefit and Leave Entitlement,1113,Maternity Benefit and Leave Entitlement,Social Security and Labour,476_social-security-central-rules-2026.pdf,https://labour.maharashtra.gov.in/en/publication/new-labour-code,221,221,b0d55a48d1a5ca46a9ae78567affaa0e372181b38a9a7ea3c1365126bc5df061,Any woman employed in an establishment and entitled to maternity benefit under the provisions of the Code may give notice in writing in Form-XI to her employer,1.0
121,Form I,Form I,PRESCRIBED_FORM,Mandatory,Within thirty days of commencement of work or payment of cess,Every employer,NOT_SPECIFIED,STATUTORY_PRESCRIBED,CANON-0205,Transfer of proceeds of the cess to the Board,210,Transfer of proceeds of the cess to the Board,Labour and Construction,072_building-and-other-construction-workers-act-1996.pdf,https://maitri.maharashtra.gov.in/resources/acts-and-rules/,146,146,b45b904c74a59d72d109863fa03c34c5be2dd4589730e7c5abb57418189a3857,"Every employer, within thirty days of commencement of his work of payment of cess, as the case may be, furnish to the Assessing Officer, information in Form I.",1.0
122,Notice of Intended Closure,Form -XXII,RETURN_REPORTING_FORM,Mandatory,If an employer intends to close down an industrial establishment,Employer of an industrial establishment,ONLINE_PORTAL,STATUTORY_PRESCRIBED,CANON-1094,Service of notice by employer for intended closure,1116,Service of notice by employer for intended closure,Labour,464_code-on-ir-draft-rules-2026_0.pdf,https://labour.maharashtra.gov.in/en/publication/new-labour-code,148,149,b6d715dd7ae13e4b1330bd6b15d4313233dcb95868dea022536267145bc9e0ca,"If an employer intends to close down an industrial establishment, he shall give notice within the time as specified in sub- section (1) of section 74 of such closure in Form -XXII to the State Government",0.95
123,Application for Intended Lay-off,Form-XXIII,APPLICATION_FORM,Mandatory,For permission under sub-section (1) of section 78 for intended lay-off,Employer,NOT_SPECIFIED,STATUTORY_PRESCRIBED,CANON-1095,Application for intended lay-off,1117,Application for intended lay-off,Labour,464_code-on-ir-draft-rules-2026_0.pdf,https://labour.maharashtra.gov.in/en/publication/new-labour-code,148,149,b6d715dd7ae13e4b1330bd6b15d4313233dcb95868dea022536267145bc9e0ca,An application for permission under sub-section (1) of section 78 shall be made by the employer in Form-XXIII stating clearly therein the reasons for the intended lay-off,0.95
124,Notice before Retrenchment of Worker,Form-XXII,RETURN_REPORTING_FORM,Mandatory,If any employer desires to retrench any worker employed in his industrial establishment who has been in continuous service for not less than one year,Employer,ONLINE_PORTAL,STATUTORY_PRESCRIBED,CANON-1092,Service of notice before retrenchment of worker,1114,Service of notice before retrenchment of worker,Labour,464_code-on-ir-draft-rules-2026_0.pdf,https://labour.maharashtra.gov.in/en/publication/new-labour-code,146,147,b762a658618a88ef873f7f56243b395279fa84d372d1badbbb9e68cc5ed86092,"If any employer desires to retrench any worker employed in his industrial establishment who has been in continuous service for not less than one year under him, then, such employer shall give prior notice of such retrenchment in Form-XXII to the State Government",0.95
125,Format 'A' Disclaimer format for Claiming Demand Incentive Purchase / Scrapping Incentive on EVs,Format 'A',PROFORMA,Mandatory,Claiming Demand Incentive Purchase / Scrapping Incentive on EVs,OEM,NOT_SPECIFIED,STATUTORY_PRESCRIBED,CANON-0242,Maharashtra Electric Vehicle Policy - 2021 Basic Demand Incentives,247,Maharashtra Electric Vehicle Policy - 2021 Basic Demand Incentives,Electric Vehicle Manufacturing,011e_To receive the modalities for disbursement of incentives to OEMs as per.pdf,https://maitri.maharashtra.gov.in/resources/policies/,5,6,ba2e32bdc2027a773037559f5a6304c1ebf3d05fb35a51214822a0b87b1c5365,Format 'A' Disclaimer format for Claiming Demand Incentive Purchase / Scrapping Incentive on EVs <On the Letter head of the OEM>,0.95
126,Application for the compounding of an offence,,APPLICATION_FORM,Mandatory,When an accused person applies for compounding of an offence under the Act either before or after the institution of prosecution,Accused person/employer,NOT_SPECIFIED,STATUTORY_PRESCRIBED,CANON-1041,Compounding of Offences,1063,Compounding of Offences,Labour and Employment,421_shops_and_establishment_bill_2016_compressed.pdf,https://labour.maharashtra.gov.in/en/publication/labour-act-rules,10,10,ba8eb315dfc1bd39c242c35d8e3aaadce80d92dc5b31c3c13734ca41791ddeae,Every application for the compounding of an offence shall be made in such fona and manner as may be prescribed.,0.95
127,Annexure 4: Provisions for Inclusive Housing,4,ANNEXURE,Mandatory,For the sub-division or layout of the land admeasuring 4000 Sq.mt. or more for residential purpose,Landowner/ Developer,NOT_SPECIFIED,STATUTORY_PRESCRIBED,CANON-0702,Provisions for Inclusive Housing - NAINA,714,Provisions for Inclusive Housing - NAINA,Housing and Real Estate,062_Comprehensive Uniform Building Bye Law.pdf,https://maitri.maharashtra.gov.in/resources/acts-and-rules/,2143,2143,c06007980c72692b237d9d8fd0dd00a7468d6d42a13a458ecc1a5ccd8182b756,Annexure 4: Provisions for Inclusive Housing,0.95
128,Annexure IV,IV,ANNEXURE,Mandatory,Eligible GCC units shall avail Capital Subsidy,GCC units,NOT_SPECIFIED,STATUTORY_PRESCRIBED,CANON-1220,Capital Subsidy,1249,Capital Subsidy,Global Capability Centers (GCC),508_operational-guidelines-for-maharashtra-gcc-policy-2025.pdf,https://industry.maharashtra.gov.in/index.php/en/services/policies,15,15,c0b07cd6abd31cbf0b50460d105ff6b1ca30e23f3cf660ce1c234d2127940411,Annexure IV,0.9
129,Schedule - B,B,SCHEDULE,Mandatory,For developing Integrated IT Township,"Land Owners, appointed Developer, or a Joint Venture Company",ONLINE_PORTAL,STATUTORY_PRESCRIBED,CANON-0772,Integrated IT Township Eligibility and Land Use,787,Integrated IT Township Eligibility and Land Use,IT / ITES,050_Information Technology Policy (IT_ITES_Policy_2015_final_English).pdf,https://maitri.maharashtra.gov.in/resources/policies/,31,31,c1621bf450252133210ae829fbdd5e7698a82092ad9329d52268f360a152c89b,Schedule - B Policy for Development of Integrated IT Township,0.9
130,Registered Affidavit,,AFFIDAVIT,Mandatory,When an occupant claims eligibility for rehabilitation under an Urban Renewal Cluster (URC) and needs to declare that they have not been allotted any subsidized housing in the past.,Occupants of buildings falling under a URC seeking rehabilitation,NOT_SPECIFIED,STATUTORY_PRESCRIBED,CANON-0545,Eligibility for Urban Renewal Cluster (URC),555,Eligibility for Urban Renewal Cluster (URC),Real Estate and Urban Development,062_Comprehensive Uniform Building Bye Law.pdf,https://maitri.maharashtra.gov.in/resources/acts-and-rules/,332,332,c33516988a6e5e5c29e44cacb678a488ed9ddd7f375809ed6b60865600b5c51b,"For this, a self-declaration in the form of Registered Affidavit shall be considered sufficient which, if ever found to be false, shall render the concerned allottee liable for eviction and prosecution as per law.",0.95
131,Annex 1,1,ANNEXURE,Optional,Indicative details of activities for soft interventions,MSE cluster beneficiaries,NOT_SPECIFIED,STATUTORY_PRESCRIBED,CANON-0431,MSE-CDP Diagnostic Study Report (DSR) and Soft Interventions,438,MSE-CDP Diagnostic Study Report (DSR) and Soft Interventions,MSME,017b_ModifiedGuidelinesofMSECDP_10-02-2010.pdf,https://maitri.maharashtra.gov.in/resources/policies/,3,3,c59dc4aefc4e017061576e7c1eee5d7064f09aa96058852d655761fc2c6d89a2,Indicative details of activities are given in Annex 1.,0.9
132,Application for Special Incentives for Oxygen Manufacturing Units,,APPLICATION_FORM,Mandatory,Eligible investor starting investment in the project and applying for incentives,Eligible investors/units under LMO manufacturing scheme,PHYSICAL_DESK,STATUTORY_PRESCRIBED,CANON-0349,MSME Oxygen Manufacturing Units Special Incentives,354,MSME Oxygen Manufacturing Units Special Incentives,Liquid Medical Oxygen (LMO) Manufacturing,012c_Special incentives for Setting up the project of Liquid Medical Oxygen Manufacturing along with Storage and Cylinder filling facility.pdf,https://maitri.maharashtra.gov.in/resources/policies/,3,3,c6306dbc5b14aaf0796e2398f9a914b88c65be1ee68d26206cc7895e59e86ba3,"पात्र गुंतवणूकदाराने प्रकल्पामध्ये गुंतवणूक सुरु करणे आणि प्रोत्साहनासाठीचा अर्ज विकास आयुक्‍त (उद्योग), उद्योग संचालनालय, मुंबई यांच्याकडे दि. ३०.०६.२०२१ पूर्वी अर्ज सादर करणे आवरशयक/अनिवार्य राहील.",0.95
133,Form A,A,PRESCRIBED_FORM,Mandatory,Every complaint regarding contravention of the Act shall be made in triplicate,"Workers, legal practitioners, officials of registered Trade Unions, Inspectors, or other persons acting with permission",PHYSICAL_DESK,STATUTORY_PRESCRIBED,CANON-1064,"The Equal Remuneration Rules, 1976 - Complaints, Claims, and Registers",1086,"The Equal Remuneration Rules, 1976 - Complaints, Claims, and Registers",Labour,400_equalremunerationrules1976.pdf,https://labour.maharashtra.gov.in/en/publication/labour-act-rules,1,2,c6ac7d54f624b02fe9300d8494787e66032efe80112afe2446382738b347e0db,"Every complaint under clause (a) of sub-section (1) of Section 7 shall be made in triplicate, in Form ‘A’ to the Authority.",1.0
134,Form B,B,PRESCRIBED_FORM,Mandatory,Every claim regarding non-payment of wages etc. under clause (b) of sub-section (1) of Section 7,"Workers, legal practitioners, officials or a registered Trade Union, Inspectors, or any other person acting with the permission of the Authority",PHYSICAL_DESK,STATUTORY_PRESCRIBED,CANON-1064,"The Equal Remuneration Rules, 1976 - Complaints, Claims, and Registers",1086,"The Equal Remuneration Rules, 1976 - Complaints, Claims, and Registers",Labour,400_equalremunerationrules1976.pdf,https://labour.maharashtra.gov.in/en/publication/labour-act-rules,1,2,c6ac7d54f624b02fe9300d8494787e66032efe80112afe2446382738b347e0db,"Every claim under clause (b) of sub-section (1) of Section 7 shall be made y petition in triplicate, in Form ‘B’ to the Authority.",1.0
135,Form C,C,PROFORMA,Mandatory,Authorization referred to in Sub-rule (3) of Rule 3 or Sub-rule (3) of Rule 4,Workers or authorized representatives presenting a complaint or claim,PHYSICAL_DESK,STATUTORY_PRESCRIBED,CANON-1064,"The Equal Remuneration Rules, 1976 - Complaints, Claims, and Registers",1086,"The Equal Remuneration Rules, 1976 - Complaints, Claims, and Registers",Labour,400_equalremunerationrules1976.pdf,https://labour.maharashtra.gov.in/en/publication/labour-act-rules,1,2,c6ac7d54f624b02fe9300d8494787e66032efe80112afe2446382738b347e0db,The authorization referred to in Sub-rule (3) of Rule 3 or Sub-rule (3) of Rule 4 shall be in Form ‘C’ which shall be presented to the Authority to whom the complaint or the claim as the case may be,1.0
136,"Form B specified in the Schedule to the Ease of Compliance to Maintain Registers under various Labour Laws Rules, 2017",B,SCHEDULE,Mandatory,Every employer shall maintain up to date a register in relation to the workers employed by him,Every employer,NOT_SPECIFIED,STATUTORY_PRESCRIBED,CANON-1064,"The Equal Remuneration Rules, 1976 - Complaints, Claims, and Registers",1086,"The Equal Remuneration Rules, 1976 - Complaints, Claims, and Registers",Labour,400_equalremunerationrules1976.pdf,https://labour.maharashtra.gov.in/en/publication/labour-act-rules,1,2,c6ac7d54f624b02fe9300d8494787e66032efe80112afe2446382738b347e0db,"Every employer shall maintain up to date a register in relation to the workers employed by him, in Form B specified in the Schedule to the Ease of Compliance to Maintain Registers under various Labour Laws Rules, 2017, at the place where the workers are employed.",1.0
137,Application for amendment of license,,APPLICATION_FORM,Mandatory,"if there is change in the name of the industrial premises, or change in the site, or the industrial premises exceeds the limits specified in the license in regard to the number of persons employed",Licensee,ONLINE_PORTAL,STATUTORY_PRESCRIBED,CANON-1058,Terms and conditions for outside work permission in beedi and tobacco industry,1080,Terms and conditions for outside work permission in beedi and tobacco industry,Labour,478_state-draft-rules-for-osh-labour.pdf,https://labour.maharashtra.gov.in/en/publication/new-labour-code,200,201,c793d36d6cf87f2dffa1760c6f3dc8020a7219942c5e45fc68d0e9f25510f614,"The licensee whose license is required to be amended shall submit an application electronically to the licensing authority notified for the concerned district, stating the nature of the amendment and reasons therefor.",0.95
138,Form-XX,Form-XX,PRESCRIBED_FORM,Mandatory,to get a permit to allow the wetting or cutting of beedi or tobacco leaves by employees outside the industrial premises,Employer,ONLINE_PORTAL,STATUTORY_PRESCRIBED,CANON-1058,Terms and conditions for outside work permission in beedi and tobacco industry,1080,Terms and conditions for outside work permission in beedi and tobacco industry,Labour,478_state-draft-rules-for-osh-labour.pdf,https://labour.maharashtra.gov.in/en/publication/new-labour-code,200,201,c793d36d6cf87f2dffa1760c6f3dc8020a7219942c5e45fc68d0e9f25510f614,"Every application under sub-section (1) of section 76, to get a permit, to allow the wetting or cutting of beedi or tobacco leaves by employees outside the industrial premises shall be made electronically in prescribed Form-XX within fifteen days from the commencement of these rules.",1.0
139,Annexure-D,Annexure-D,ANNEXURE,Mandatory,accompanying the application to get a permit for outside work of beedi or tobacco leaves,Employer,ONLINE_PORTAL,SUPPORTING_ATTACHMENT,CANON-1058,Terms and conditions for outside work permission in beedi and tobacco industry,1080,Terms and conditions for outside work permission in beedi and tobacco industry,Labour,478_state-draft-rules-for-osh-labour.pdf,https://labour.maharashtra.gov.in/en/publication/new-labour-code,200,201,c793d36d6cf87f2dffa1760c6f3dc8020a7219942c5e45fc68d0e9f25510f614,The application shall be accompanied by the list of permission seeking employees in Annexure-D.,1.0
140,Annual Return,,RETURN_REPORTING_FORM,Mandatory,Every employer of a shop or an establishment shall furnish an annual return.,Every employer of a shop or an establishment,ONLINE_PORTAL,STATUTORY_PRESCRIBED,,,,,,421_shops_and_establishment_bill_2016_compressed.pdf,https://labour.maharashtra.gov.in/en/publication/labour-act-rules,9,9,ca438c2c70d8530a14b884a5d6ca075df73597d913cbc174aa485f24b7f15f7b,"Every employer of a shop or an establishment shall fumish an annual return, in such form and manner (including electronic form), to such authority as may be prescribed.",0.95
141,Form XXIV Notice and Application for Compounding of Offence,Form XXIV,PRESCRIBED_FORM,Mandatory,If the accused desires to compound the offence under section 89,Accused persons or industrial establishments facing offences under the Code,ONLINE_PORTAL,STATUTORY_PRESCRIBED,CANON-1100,Compounding of Offences,1123,Compounding of Offences,Labour,464_code-on-ir-draft-rules-2026_0.pdf,https://labour.maharashtra.gov.in/en/publication/new-labour-code,154,155,cc39b94d51c8d4583907941fcc6b65d57237cd6d4310fed4c7343b43e366dca2,"send a notice to the accused in Form XXIV consisting of three parts through electronically and in person, or by registered post or speed post... Part III of the said Form shall contain the application to be filed by the accused, if he desires to compound the offence... send the duly filled up application in Part III of the notice, in the account specified by the compounding officer in the notice, Form XXIV to the compounding officer electronically",1.0
142,Annexure A,A,ANNEXURE,Mandatory,Verticals included in eligible Aerospace & Defence sector including civil aviation.,Aerospace & Defence units,NOT_SPECIFIED,STATUTORY_PRESCRIBED,CANON-0963,Applicability and Coverage for Aerospace & Defence Units,984,Applicability and Coverage for Aerospace & Defence Units,Aerospace and Defence Manufacturing,102_Maharashtra-Aerospace-and-Defense-Policy-2018_compressed.pdf,https://midc.maharashtra.gov.in/en/investors/industrial-policies-and-incentives/,6,6,ccf7e41b8f55019af88c737c4029965a6234f1266bd23a580b986e04821b8de5,Verticals included in eligible Aerospace & Defence sector including civil aviation will be as per Annexure “A”.,0.9
143,Annexure B,B,ANNEXURE,Mandatory,Zonal classification for cooperative powerlooms sector incentives.,Cooperative powerlooms and other co-operative units,NOT_SPECIFIED,STATUTORY_PRESCRIBED,CANON-0270,Maha Technology Upgradation Fund Scheme (Maha-TUFS) for Spinning Units & Cooperative Powerlooms Share Capital,275,Maha Technology Upgradation Fund Scheme (Maha-TUFS) for Spinning Units & Cooperative Powerlooms Share Capital,Textile,097_Integrated-and-Sustainable-Textile-Policy-2023.pdf,https://midc.maharashtra.gov.in/en/investors/industrial-policies-and-incentives/,60,61,cdd1660a00a376afb6107aa874faf0a5bf2aa3f91c6ddf49bbcf8191f0577335,The Zonal classification is given in Annexure B.,0.9
144,Annexure A,A,ANNEXURE,Mandatory,Rates for the electricity subsidy for existing units.,Existing units,NOT_SPECIFIED,STATUTORY_PRESCRIBED,CANON-0270,Maha Technology Upgradation Fund Scheme (Maha-TUFS) for Spinning Units & Cooperative Powerlooms Share Capital,275,Maha Technology Upgradation Fund Scheme (Maha-TUFS) for Spinning Units & Cooperative Powerlooms Share Capital,Textile,097_Integrated-and-Sustainable-Textile-Policy-2023.pdf,https://midc.maharashtra.gov.in/en/investors/industrial-policies-and-incentives/,60,61,cdd1660a00a376afb6107aa874faf0a5bf2aa3f91c6ddf49bbcf8191f0577335,"In the case of electricity subsidy for existing units, subsidy will be provided as per the rates given in Annexure A for a period of 2 years only.",0.9
145,Application for Letter of Intent (LOI) / Renewal of LOI,Annexure I,ANNEXURE,Mandatory,For applying for Letter of Intent (LOI) or Renewal of LOI for a GCC unit,Global Capability Centers (GCC),NOT_SPECIFIED,STATUTORY_PRESCRIBED,CANON-1230,Financial Assistance for Policy Promotion and Outreach,1259,Financial Assistance for Policy Promotion and Outreach,Global Capability Centers (GCC),508_operational-guidelines-for-maharashtra-gcc-policy-2025.pdf,https://industry.maharashtra.gov.in/index.php/en/services/policies,23,24,d0372bbe802064220b7ed42b0f5f8de5342067360013ab3c43e2245ed6472c1e,Annexure I Application for Letter of Intent (LOI) / Renewal of LOI,1.0
146,Handling and processing of cotton Schedule,SCHEDULE-XXV,SCHEDULE,Mandatory,"Applies to all factories or part of factories in which cotton opening, carding, combing, spinning, or cleaning of waste cotton processes are carried on.",Occupiers of factories handling and processing cotton,NOT_SPECIFIED,STATUTORY_PRESCRIBED,CANON-1139,Handling and Processing of Cotton Safety Regulations,1162,Handling and Processing of Cotton Safety Regulations,Manufacturing,475_part-i-l-50_0.pdf,https://labour.maharashtra.gov.in/en/publication/new-labour-code,484,486,d3ba2e4419d7fe1fba0efac830f1701840fd313afa2bf457de69bf1730dfe341,SCHEDULE-XXV (see sub-rule (2) of rule 53) Handling and processing of cotton,0.95
147,Application form for availing Incentives under Maharashtra State Export Promotion Policy 2023 for MSME,Annexure VI,APPLICATION_FORM,Mandatory,Availing Incentives under Maharashtra State Export Promotion Policy 2023 for MSME,MSME,NOT_SPECIFIED,STATUTORY_PRESCRIBED,CANON-0166,MSME Incentives under Maharashtra State Export Promotion Policy 2023,171,MSME Incentives under Maharashtra State Export Promotion Policy 2023,MSME Export Promotion,007_Maharashtra State Export Promotion Policy - 2023.pdf,https://maitri.maharashtra.gov.in/resources/policies/,37,38,d63dfc1b16916d2e652d4176115066fb0632e396763c24a7d6429dd8490366b1,Annexure VI: Application form for availing Incentives under Maharashtra State Export Promotion Policy 2023 for MSME,1.0
148,Form 'B',B,PRESCRIBED_FORM,Mandatory,Submitting 10% capital subsidy proposal to the Government,Eligible textile units / nodal Bank / Financial Institution,PHYSICAL_DESK,STATUTORY_PRESCRIBED,CANON-0472,10% Capital Subsidy for Textile Units,482,10% Capital Subsidy for Textile Units,Textile,040_New_Maharashtra_Textile_Policy-2011-17.pdf,https://maitri.maharashtra.gov.in/resources/policies/,33,33,d7bae27aacd01d76cc8e71a38fe73c904f89a31c40b58d09832c1de7f87fe6f1,"b] To submit 10% capital subsidy proposal to the Government through Director, Textile, Government of Maharashtra in the enclosed Form 'B’ alongwith the Account of Funds previously received from the government, utilization certificate and with other certificates as prescribed below.",0.95
149,Form 'A',A,PRESCRIBED_FORM,Mandatory,Submitting 10% capital subsidy proposal and particulars/information,Nodal Bank / Financial Institution,PHYSICAL_DESK,STATUTORY_PRESCRIBED,CANON-0472,10% Capital Subsidy for Textile Units,482,10% Capital Subsidy for Textile Units,Textile,040_New_Maharashtra_Textile_Policy-2011-17.pdf,https://maitri.maharashtra.gov.in/resources/policies/,33,33,d7bae27aacd01d76cc8e71a38fe73c904f89a31c40b58d09832c1de7f87fe6f1,"(Form ""A"" and ""B"" may be revised in consultation with NIC and made available on the Government website) ... While submitting particulars/information in Form ‘A’ the nodal Bank/ Financial Institution concerned shall submit information as to whether the units",0.95
150,Application for Intent/Registration Certificate,,APPLICATION_FORM,Mandatory,For obtaining Intent/Registration certificate for Industrial Parks,Developer,NOT_SPECIFIED,STATUTORY_PRESCRIBED,CANON-0162,Additional FSI for Industrial Parks,167,Additional FSI for Industrial Parks,Industrial Parks,027a_Modalies GR-Readymade Garment Manufacturing Gems and Jewellery-Micro Electronics and Engg Units dt- 13-09-2019.pdf,https://maitri.maharashtra.gov.in/resources/policies/,8,8,d8f0e2b4bd09786317f870b39c785855a4a169ebf192d2ddbb9b22434935542a,इरादापि/िोंदणी डमळण्यासाठी डवकासकािे महाराष्ट्र औद्योडगक डवकास महामांिळ व उद्योग सांचालिालयाकिूि डवडहत िमुन्यातील कागदपिाांसह सक्षम प्राडधकारी याांच्याकिे अजय सादर करणे आवश्यक राहील.,0.95
151,Prescribed Consent Application Form,,RENEWAL_FORM,Mandatory,In case there is an increase in capital investment by over 30% or when capital investment is decreased,Industry,ONLINE_PORTAL,STATUTORY_PRESCRIBED,CANON-0857,Auto-Renewal Duration and Capital Investment Variation Conditions,872,Auto-Renewal Duration and Capital Investment Variation Conditions,Industrial Pollution Control and Environmental Compliance,314_Simplifiedschemeofauto-renewalofconsentsbasedonSelf-declarationsubmittedbytheindustry.pdf,https://www.mpcb.gov.in/en/circulars-types/all,2,3,d91d205cc04da9a88d6952020f1986abec49a34e8592f52b977592f4d144f1de,The industry needs to apply in prescribed consent application form.,0.95
152,Self-declaration format,ANNEXURE-A,DECLARATION,Mandatory,For availing the auto renewal scheme,Industry,ONLINE_PORTAL,STATUTORY_PRESCRIBED,CANON-0857,Auto-Renewal Duration and Capital Investment Variation Conditions,872,Auto-Renewal Duration and Capital Investment Variation Conditions,Industrial Pollution Control and Environmental Compliance,314_Simplifiedschemeofauto-renewalofconsentsbasedonSelf-declarationsubmittedbytheindustry.pdf,https://www.mpcb.gov.in/en/circulars-types/all,2,3,d91d205cc04da9a88d6952020f1986abec49a34e8592f52b977592f4d144f1de,Industry will have to submit a Self-declaration in the format enclosed as ANNEXURE- A only.,0.98
153,Format of the undertaking to be submitted by unit to avail benefit of Stamp Duty Exemption / Electricity Duty Exemption / Certification Assistance / Patent Related Assistance / Market Development Assistance / Power Rationalization Benefit / Power Tariff Subsidy / Capital Subsidy / Recruitment Assistance / Skill Development Assistance under IT/ITeS Policy 2023,Appendix “C”,UNDERTAKING,Mandatory,To avail benefits of Stamp Duty Exemption / Electricity Duty Exemption / Certification Assistance / Patent Related Assistance / Market Development Assistance / Power Rationalization Benefit / Power Tariff Subsidy / Capital Subsidy / Recruitment Assistance / Skill Development Assistance under IT/ITeS Policy 2023,Unit/Proprietor/Partner/Director of the firm,NOT_SPECIFIED,STATUTORY_PRESCRIBED,CANON-0333,General Undertaking and Compliance for IT/ITeS Policy 2023 Benefits,338,General Undertaking and Compliance for IT/ITeS Policy 2023 Benefits,IT/ITES,032b_ITI_Tes_Policy_2024.pdf,https://maitri.maharashtra.gov.in/resources/policies/,43,44,da119a922303ba19570d379e4fd786517870dff22060b1f4b4db28f3b03b9667,Appendix “C” Format of the undertaking to be submitted by unit to avail benefit of Stamp Duty Exemption / Electricity Duty Exemption / Certification Assistance / Patent Related Assistance / Market Development Assistance / Power Rationalization Benefit / Power Tariff Subsidy / Capital Subsidy / Recruitment Assistance / Skill Development Assistance under IT/ITeS Policy 2023,0.95
154,Auditor’s Certificate for Power Tariff Subsidy under IT/ITeS Policy 2023,Appendix “D”,PROFORMA,Mandatory,For Power Tariff Subsidy under IT/ITeS Policy 2023,Applicant units,NOT_SPECIFIED,STATUTORY_PRESCRIBED,CANON-0333,General Undertaking and Compliance for IT/ITeS Policy 2023 Benefits,338,General Undertaking and Compliance for IT/ITeS Policy 2023 Benefits,IT/ITES,032b_ITI_Tes_Policy_2024.pdf,https://maitri.maharashtra.gov.in/resources/policies/,43,44,da119a922303ba19570d379e4fd786517870dff22060b1f4b4db28f3b03b9667,Appendix “D” Auditor’s Certificate for Power Tariff Subsidy under IT/ITeS Policy 2023,0.95
155,Affidavit,,AFFIDAVIT,Mandatory,Application for LOI Extension to Private Logistic Park,Private Logistic Park developer / promoter,PHYSICAL_DESK,STATUTORY_PRESCRIBED,CANON-0053,Letter of Intent Extension for Private Logistic Park,53,Letter of Intent Extension for Private Logistic Park,Infrastructure and Logistics,025c_Logistic Park Policy2018 PARIPATRAK MODALITIES GUIDE 1.pdf,https://maitri.maharashtra.gov.in/resources/policies/,3,3,db7405f91d85a47f1d67047c2dda816a5c2e16c17bf6e182dd2e458fca646abe,Affidavit as per prescribed format duly notarized on Rs. 100/- stamp paper.,0.95
156,Six Monthly Progress Report,Annexure-VII,ANNEXURE,Mandatory,Application for LOI Extension to Private Logistic Park,Private Logistic Park developer / promoter,PHYSICAL_DESK,STATUTORY_PRESCRIBED,CANON-0053,Letter of Intent Extension for Private Logistic Park,53,Letter of Intent Extension for Private Logistic Park,Infrastructure and Logistics,025c_Logistic Park Policy2018 PARIPATRAK MODALITIES GUIDE 1.pdf,https://maitri.maharashtra.gov.in/resources/policies/,3,3,db7405f91d85a47f1d67047c2dda816a5c2e16c17bf6e182dd2e458fca646abe,Six Monthly Progress Report in Prescribed Format. (Annexure-VIl),0.95
157,Details of developers,,PRESCRIBED_FORM,Mandatory,Application for LOI Extension to Private Logistic Park,Private Logistic Park developer / promoter,PHYSICAL_DESK,STATUTORY_PRESCRIBED,CANON-0053,Letter of Intent Extension for Private Logistic Park,53,Letter of Intent Extension for Private Logistic Park,Infrastructure and Logistics,025c_Logistic Park Policy2018 PARIPATRAK MODALITIES GUIDE 1.pdf,https://maitri.maharashtra.gov.in/resources/policies/,3,3,db7405f91d85a47f1d67047c2dda816a5c2e16c17bf6e182dd2e458fca646abe,Details of developers in prescribed format and Company's net worth & copy of balance sheet,0.9
158,Format for Electricity Duty Exemption Certificate,Appendix VIII (B),PROFORMA,Mandatory,Seeking electricity duty exemption certificate for AVGC-XR activities,AVGC-XR Unit / Proprietor / Partner / Director,NOT_SPECIFIED,STATUTORY_PRESCRIBED,CANON-0396,Production Cost Incentive - Animation Films,401,Production Cost Incentive - Animation Films,AVGC-XR,006b_AVGCXR_policy08062026.pdf,https://maitri.maharashtra.gov.in/resources/policies/,77,78,dc2eb76d9ced267a66653f8675f2af939617e8983e7de1530223049cfb884c23,Appendix VIII (B) Format for Electricity Duty Exemption Certificate (Rs. 500/-Judicial Stamp Paper) A F F I D A V I T,0.95
159,Completed Application Form,Appendix III - Section H,APPLICATION_FORM,Mandatory,"Required document list for claiming financial support and reimbursement towards promotional materials, participation in exhibitions, fairs, and expos.",Organisers/associations,NOT_SPECIFIED,SUPPORTING_ATTACHMENT,CANON-0392,Project Cost Reimbursement for Virtual Production Studios,397,Project Cost Reimbursement for Virtual Production Studios,AVGC-XR,006b_AVGCXR_policy08062026.pdf,https://maitri.maharashtra.gov.in/resources/policies/,29,29,ddbe5612f5e81600a55744e7e303e9f262f150c8e3bc4a7af01fa0d1ef871685,1. Completed Application Form (Appendix III - Section H),0.95
160,ELP-1 / ELP-2,,PRESCRIBED_FORM,Mandatory,,AVGC-XR Units,NOT_SPECIFIED,STATUTORY_PRESCRIBED,CANON-0388,Technology Acquisition Assistance for AVGC-XR Units,393,Technology Acquisition Assistance for AVGC-XR Units,AVGC-XR,006b_AVGCXR_policy08062026.pdf,https://maitri.maharashtra.gov.in/resources/policies/,26,26,dedd50813c7455d21a79b08576195f5bf0aac2c93985b518c8c02e2239174c99,6. ELP-1 / ELP-2 in prescribed format,0.95
161,Common Undertaking,Appendix IV,UNDERTAKING,Mandatory,,AVGC-XR Units,NOT_SPECIFIED,STATUTORY_PRESCRIBED,CANON-0388,Technology Acquisition Assistance for AVGC-XR Units,393,Technology Acquisition Assistance for AVGC-XR Units,AVGC-XR,006b_AVGCXR_policy08062026.pdf,https://maitri.maharashtra.gov.in/resources/policies/,26,26,dedd50813c7455d21a79b08576195f5bf0aac2c93985b518c8c02e2239174c99,3. Common Undertaking (Appendix IV),0.95
162,Completed Application form,Appendix III- Section E,APPLICATION_FORM,Mandatory,,AVGC-XR units,NOT_SPECIFIED,STATUTORY_PRESCRIBED,CANON-0388,Technology Acquisition Assistance for AVGC-XR Units,393,Technology Acquisition Assistance for AVGC-XR Units,AVGC-XR,006b_AVGCXR_policy08062026.pdf,https://maitri.maharashtra.gov.in/resources/policies/,26,26,dedd50813c7455d21a79b08576195f5bf0aac2c93985b518c8c02e2239174c99,1. Completed Application form (Appendix III- Section E),0.95
164,Return relating to establishment in duplicate,Form XXV,RETURN_REPORTING_FORM,Mandatory,Every employer of a registered establishment shall send annually.,Every employer of a registered establishment,PHYSICAL_DESK,STATUTORY_PRESCRIBED,CANON-0196,Canteen provision for building workers,201,Canteen provision for building workers,Construction and Labour,072_building-and-other-construction-workers-act-1996.pdf,https://maitri.maharashtra.gov.in/resources/acts-and-rules/,101,101,e0b70a35abe01df0b34eab3869660293da2c70de8325f4796ca8ebb99d1494d1,"Every employer of a registered establishment shall send annually, return relating to such establishment in duplicate in Form XXV annexed to these rules to the registering officer",0.95
165,Online pro-forma for annual returns on plastic packaging waste collected and processed,,RETURN_REPORTING_FORM,Mandatory,The PWPs shall file annual returns on the plastic packaging waste collected and processed towards fulfilling obligations under PWM Rule,Registered PWPs,ONLINE_PORTAL,STATUTORY_PRESCRIBED,CANON-0881,Fresh and Renewed Registration Validity for Plastic Waste Processors,901,Fresh and Renewed Registration Validity for Plastic Waste Processors,Plastic Waste Management,305_SOP_PWP_0001.pdf,https://www.mpcb.gov.in/en/circulars-types/all,13,14,e13553ed8eebf2162b0982096a0a76ccd8bcc82dbd2e60d415108db80e90ca44,The PWPs shall file annual returns on the plastic packaging waste collected and processed towards fulfilling obligations under PWM Rule and the guidelines as per the online pro-forma prescribed by CPCB by the 30th June of the next financial year.,0.9
166,Letter of Intent Form and Affidavit,,APPLICATION_FORM,Mandatory,Applying for AVGC-XR Parks / Unit Registration,All AVGC-XR Parks / Units,ONLINE_PORTAL,STATUTORY_PRESCRIBED,CANON-0382,Registration Certificate Eligibility for Units,387,Registration Certificate Eligibility for Units,AVGC-XR,006b_AVGCXR_policy08062026.pdf,https://maitri.maharashtra.gov.in/resources/policies/,17,18,e29a505e75c7110fcb643fd80193e49451291654cc4573ebfccfbc3f2f65ba08,Completed relevant LOI Form and Affidavit,0.95
167,ELP-1 / ELP-2,ELP-1 / ELP-2,PRESCRIBED_FORM,Mandatory,Required documents for AVGC-XR Units,AVGC-XR Units,ONLINE_PORTAL,STATUTORY_PRESCRIBED,CANON-0382,Registration Certificate Eligibility for Units,387,Registration Certificate Eligibility for Units,AVGC-XR,006b_AVGCXR_policy08062026.pdf,https://maitri.maharashtra.gov.in/resources/policies/,17,18,e29a505e75c7110fcb643fd80193e49451291654cc4573ebfccfbc3f2f65ba08,ELP-1 /ELP-2 in prescribed format,0.9
168,Form I,Form I,RETURN_REPORTING_FORM,Mandatory,Where an employer fails to furnish information required by the Assessing Officer,Employer,NOT_SPECIFIED,STATUTORY_PRESCRIBED,CANON-0206,Return of overpaid cess,211,Return of overpaid cess,Labour and Construction,072_building-and-other-construction-workers-act-1996.pdf,https://maitri.maharashtra.gov.in/resources/acts-and-rules/,147,147,e497094857401914d58d606dbe7c30f186a673a49cf43a8ca8b6fe8f2f656205,"where an employer fails to furnish information in Form I, the Assessing Officer shall proceed to make the assessment on the basis of available records",0.95
169,Form II,Form II,RETURN_REPORTING_FORM,Mandatory,Where the Assessing Officer has passed an order of assessment and the employer decides to withdraw from or foreclose the works or modifies the plan of construction thereby reducing the cost,Employer,NOT_SPECIFIED,STATUTORY_PRESCRIBED,CANON-0206,Return of overpaid cess,211,Return of overpaid cess,Labour and Construction,072_building-and-other-construction-workers-act-1996.pdf,https://maitri.maharashtra.gov.in/resources/acts-and-rules/,147,147,e497094857401914d58d606dbe7c30f186a673a49cf43a8ca8b6fe8f2f656205,he may seek revision of the assessment order by making an information in Form II to the Assessing Officer giving details of such reduction or stoppage of work.,0.95
170,Application Format for availing Electricity Duty Exemption to IT/ITES Units under Information Technology/Information Technology Enabled Service Policy 2023,Appendix IV,APPLICATION_FORMAT,Mandatory,Availing Electricity Duty Exemption for IT/ITES Units under Information Technology/Information Technology Enabled Service Policy 2023,IT/ITES Units,NOT_SPECIFIED,STATUTORY_PRESCRIBED,CANON-0331,Electricity Duty Exemption for IT/ITES Policy 2023,336,Electricity Duty Exemption for IT/ITES Policy 2023,IT/ITES,032b_ITI_Tes_Policy_2024.pdf,https://maitri.maharashtra.gov.in/resources/policies/,35,37,e4c03017fda4220d0a4d2a7ff03688df753f3fabb2b70860b222782f0d9a991e,Appendix – IV Application Format for availing Electricity Duty Exemption to IT/ITES Units under Information Technology/Information Technology Enabled Service Policy 2023,0.98
171,Affidavit for Electricity Duty Exemption Certificate for New/Existing Unit,Appendix IV (A),AFFIDAVIT,Mandatory,Submitting application for Electricity Duty Exemption,IT/ITES Units,NOT_SPECIFIED,SUPPORTING_ATTACHMENT,CANON-0331,Electricity Duty Exemption for IT/ITES Policy 2023,336,Electricity Duty Exemption for IT/ITES Policy 2023,IT/ITES,032b_ITI_Tes_Policy_2024.pdf,https://maitri.maharashtra.gov.in/resources/policies/,35,37,e4c03017fda4220d0a4d2a7ff03688df753f3fabb2b70860b222782f0d9a991e,(1) Affidavit in prescribed format – Appendix IV (A),0.95
172,Form-II,Form-II,PRESCRIBED_FORM,Mandatory,Any employer intending to effect any change in the conditions of service applicable to any worker in respect of any matter specified in the Third Schedule to the Code,Employer,NOT_SPECIFIED,STATUTORY_PRESCRIBED,CANON-1073,Notice of Change and Voluntary Reference of Disputes to Arbitration,1095,Notice of Change and Voluntary Reference of Disputes to Arbitration,Labour and Employment,408_ir_rules_2020.pdf,https://labour.maharashtra.gov.in/en/publication/labour-act-rules,32,32,e5df78338fb982385466ad2d11482fa480716d9be0eaa667c11e439f80a2a49f,"Any employer intending to effect any change in the conditions of service applicable to any worker in respect of any matter specified in the Third Schedule to the Code, shall give notice in Form-II to such worker affected by such change.",1.0
173,Form-III,Form-III,PROFORMA,Mandatory,Where the employer and workers agree to refer the dispute to arbitration,Employer and Workers,NOT_SPECIFIED,STATUTORY_PRESCRIBED,CANON-1073,Notice of Change and Voluntary Reference of Disputes to Arbitration,1095,Notice of Change and Voluntary Reference of Disputes to Arbitration,Labour and Employment,408_ir_rules_2020.pdf,https://labour.maharashtra.gov.in/en/publication/labour-act-rules,32,32,e5df78338fb982385466ad2d11482fa480716d9be0eaa667c11e439f80a2a49f,"Where the employer and workers agree to refer the dispute to arbitration, the Arbitration Agreement shall be in Form-III and shall be signed by the parties to the agreement.",1.0
174,Form-IV,Form-IV,PRESCRIBED_FORM,Mandatory,"Where there is no Trade Union, the representative of workers to present their case before the arbitrator or arbitrators shall be chosen by a resolution",Workers,NOT_SPECIFIED,STATUTORY_PRESCRIBED,CANON-1073,Notice of Change and Voluntary Reference of Disputes to Arbitration,1095,Notice of Change and Voluntary Reference of Disputes to Arbitration,Labour and Employment,408_ir_rules_2020.pdf,https://labour.maharashtra.gov.in/en/publication/labour-act-rules,32,32,e5df78338fb982385466ad2d11482fa480716d9be0eaa667c11e439f80a2a49f,"Where there is no Trade Union, the representative of workers to present their case before the arbitrator or arbitrators in pursuance of clause (c) of the proviso to sub-section (5) of section 42, shall be chosen by a resolution passed by the majority of concerned workers in Form-IV authorizing therein to represent the case.",1.0
175,FME Portal Application,,APPLICATION_FORM,Mandatory,Applicants wishing to avail benefits under the PMFME scheme,"शेतकरी उत्सपादक संघ /सं्था /्विंसहायिता गि/ सहकारी उत्सपादक (Farmer Producer Organizations, Societies, Self Help Groups, Cooperatives)",ONLINE_PORTAL,STATUTORY_PRESCRIBED,CANON-0232,PMFME Scheme - Groups Category (FPO/FPC/SHG/Cooperatives),237,PMFME Scheme - Groups Category (FPO/FPC/SHG/Cooperatives),Agriculture and Food Processing,010d_To approval for implementation of Central Government sponsored Prime Minister Formulization of Micro food processing Enterprises scheme.pdf,https://maitri.maharashtra.gov.in/resources/policies/,4,4,eb890ee7486e7454a82aec9880aa66432c780fedf6391725b16739bece03b8a3,"ज्िा प्रकलपांना सदर िोजनेंतगधत लाभ घ्िाविाचा आहे, त्सिांनी FME Portal वर Online पध्दतीने अजध सादर करर्े आवश्िक राहील.",0.95
176,Green IT Awards Entry Form,,APPLICATION_FORMAT,Mandatory,Applying for Green IT Awards and Recognition,IT/ITES Units operating and registered in Maharashtra,ONLINE_PORTAL,STATUTORY_PRESCRIBED,CANON-0003,Green IT Awards and Recognition,3,Green IT Awards and Recognition,IT/ITES,505_it-policy-2023.pdf,https://industry.maharashtra.gov.in/index.php/en/services/policies,109,109,edb5ca28a5e13791956075446ccd7b5fcc08197c1d405acb175e5df1b845164e,"Companies/Institutions operating and registered in Maharashtra are invited to send their Entry forms online. The entry forms are also available at the Information Technology Branch, Directorate of Industries, 3rd Floor, New Administrative Building, Opposite Mantralaya, Mumbai, 400 032",0.95
177,Application Form,Appendix III- Section I,APPLICATION_FORM,Mandatory,Claiming Production Cost Incentive for virtual production studios,"New, Expansion and Existing Units",NOT_SPECIFIED,STATUTORY_PRESCRIBED,CANON-0393,Production Cost Incentive,398,Production Cost Incentive,AVGC-XR,006b_AVGCXR_policy08062026.pdf,https://maitri.maharashtra.gov.in/resources/policies/,30,30,f02dc8d8fafa9bb83c27784c890c03778f2291f76f704b0415bf08ae774a4ff3,1. Completed Application Form (Appendix III- Section I),0.95
178,Common Undertaking,Appendix IV,UNDERTAKING,Mandatory,Claiming Production Cost Incentive for virtual production studios,"New, Expansion and Existing Units",NOT_SPECIFIED,STATUTORY_PRESCRIBED,CANON-0393,Production Cost Incentive,398,Production Cost Incentive,AVGC-XR,006b_AVGCXR_policy08062026.pdf,https://maitri.maharashtra.gov.in/resources/policies/,30,30,f02dc8d8fafa9bb83c27784c890c03778f2291f76f704b0415bf08ae774a4ff3,8. Common Undertaking (Appendix IV),0.95
179,Notice of claim for maternity benefit,,PRESCRIBED_FORM,Mandatory,When a woman employed in an establishment is entitled to maternity benefit,Any woman employed in an establishment and entitled to maternity benefit,NOT_SPECIFIED,STATUTORY_PRESCRIBED,CANON-1103,Maternity Benefit Eligibility and Duration,1126,Maternity Benefit Eligibility and Duration,Labour,479_the-code-on-social-security-2020-no-36-of-2020.pdf,https://labour.maharashtra.gov.in/en/publication/new-labour-code,47,47,f5d575f5bd4e2382fbe14628ad3740da585130f692ec6ae69799534983d410ed,"Any woman employed in an establishment and entitled to maternity benefit under the provisions of this Chapter may give notice in writing in such form as may be prescribed by the Central Government, to her employer, stating that her maternity benefit and any other amount to which she may be entitled under this Chapter may be paid to her",0.95
180,Application form (Appendix III- Section C),Appendix III- Section C,APPLICATION_FORM,Mandatory,Claiming Power Tariff Subsidy for AVGC-XR Units,All new units under the Maharashtra AVGC-XR Policy claiming Power Tariff Subsidy,NOT_SPECIFIED,STATUTORY_PRESCRIBED,CANON-0386,Power Tariff Subsidy for AVGC-XR Units,391,Power Tariff Subsidy for AVGC-XR Units,AVGC-XR,006b_AVGCXR_policy08062026.pdf,https://maitri.maharashtra.gov.in/resources/policies/,25,25,f758a23a7548e2188484b9c503a3e4bd58e9e92a9e0612e886a290f431939446,1. Application form (Appendix III- Section C),0.95
181,Common Undertaking (Appendix IV),Appendix IV,UNDERTAKING,Mandatory,Claiming Power Tariff Subsidy for AVGC-XR Units,All new units under the Maharashtra AVGC-XR Policy claiming Power Tariff Subsidy,NOT_SPECIFIED,STATUTORY_PRESCRIBED,CANON-0386,Power Tariff Subsidy for AVGC-XR Units,391,Power Tariff Subsidy for AVGC-XR Units,AVGC-XR,006b_AVGCXR_policy08062026.pdf,https://maitri.maharashtra.gov.in/resources/policies/,25,25,f758a23a7548e2188484b9c503a3e4bd58e9e92a9e0612e886a290f431939446,6. Common Undertaking (Appendix IV),0.95
182,Completed Application Form (Appendix III – Section D),Appendix III – Section D,APPLICATION_FORM,Mandatory,Claiming Recruitment Assistance for AVGC-XR Units,"Incubation Laboratory, R&D Centre/, Innovation Labs eligible for recruitment assistance",NOT_SPECIFIED,STATUTORY_PRESCRIBED,CANON-0387,Recruitment Assistance for AVGC-XR Units,392,Recruitment Assistance for AVGC-XR Units,AVGC-XR,006b_AVGCXR_policy08062026.pdf,https://maitri.maharashtra.gov.in/resources/policies/,25,25,f758a23a7548e2188484b9c503a3e4bd58e9e92a9e0612e886a290f431939446,Completed Application Form (Appendix III – Section D),0.95
183,Undertaking for availing Stall/ Travel Cost Assistance for Participation in Exhibition/Delegation,Annexure XXIII,UNDERTAKING,Mandatory,Availing Stall/ Travel Cost Assistance for Participation in Exhibition/Delegation,MSME,NOT_SPECIFIED,STATUTORY_PRESCRIBED,CANON-0172,Logistics Expenditure Reimbursement for MSME,177,Logistics Expenditure Reimbursement for MSME,Export Promotion,007_Maharashtra State Export Promotion Policy - 2023.pdf,https://maitri.maharashtra.gov.in/resources/policies/,61,62,fe55c3d29e77ec01517b16dd251211aecf743ed66dff6f11d885215f61dd96be,Annexure XXIII: Undertaking for availing Stall/ Travel Cost Assistance for Participation in Exhibition/Delegation,0.95
184,Application Form for Reimbursement of Logistics Expenditure for MSME,Annexure XXIV,APPLICATION_FORM,Mandatory,Reimbursement of logistics expenditure for MSMEs,MSME,NOT_SPECIFIED,STATUTORY_PRESCRIBED,CANON-0172,Logistics Expenditure Reimbursement for MSME,177,Logistics Expenditure Reimbursement for MSME,Export Promotion,007_Maharashtra State Export Promotion Policy - 2023.pdf,https://maitri.maharashtra.gov.in/resources/policies/,61,62,fe55c3d29e77ec01517b16dd251211aecf743ed66dff6f11d885215f61dd96be,Annexure XXIV: Application Form for Reimbursement of Logistics Expenditure for MSME,0.95
185,Application for registration,FORM-I,APPLICATION_FORM,Mandatory,Seeking registration for an establishment,Employer seeking registration for an establishment,ONLINE_PORTAL,STATUTORY_PRESCRIBED,CANON-1144,Establishment Registration and Application Process,1167,Establishment Registration and Application Process,Labour and Employment,474_occupational-safety-health-and-working-conditions-central-rules-2026.pdf,https://labour.maharashtra.gov.in/en/publication/new-labour-code,141,141,fe7a5d9f67d115c1e64f875febabca973e90183d53594ed40b33f491ff347158,apply electronically in FORM-I containing the particulars of the establishment,0.95
186,Certificate of Registration,FORM-III,PRESCRIBED_FORM,Mandatory,Issued upon complete application for registration,Employer seeking registration for an establishment,ONLINE_PORTAL,STATUTORY_PRESCRIBED,CANON-1144,Establishment Registration and Application Process,1167,Establishment Registration and Application Process,Labour and Employment,474_occupational-safety-health-and-working-conditions-central-rules-2026.pdf,https://labour.maharashtra.gov.in/en/publication/new-labour-code,141,141,fe7a5d9f67d115c1e64f875febabca973e90183d53594ed40b33f491ff347158,the certificate of registration shall be issued in FORM-III electronically,0.95
187,Declaration form,,DECLARATION,Mandatory,"On registration of an employee, the employer shall enter the updated particulars of that employee and family",Employer,ONLINE_PORTAL,STATUTORY_PRESCRIBED,CANON-1082,Rate of contributions,1104,Rate of contributions,Labour and Employment,476_social-security-central-rules-2026.pdf,https://labour.maharashtra.gov.in/en/publication/new-labour-code,159,159,fe8a708459c03d828c1675c5de8b2c78abb612c9387f35d4c9faee07b87ca6cd,"On registration under sub-rule (1), the employer shall enter the updated particulars of that employee and family on declaration form available on the specified portal",0.95
188,Undertaking about the basic infrastructure to be provided and completed phase wise,,UNDERTAKING,Mandatory,Before granting sale permission for plots or flats in an Integrated IT Township,Developer,NOT_SPECIFIED,PROCEDURAL_GUIDELINE,CANON-0554,Integrated IT Township Implementation and Integrated Logistic Park Eligibility,564,Integrated IT Township Implementation and Integrated Logistic Park Eligibility,Logistics and Warehousing,062_Comprehensive Uniform Building Bye Law.pdf,https://maitri.maharashtra.gov.in/resources/acts-and-rules/,351,351,fed878cae0bfe749dc4f049be18662239a07df0b7ffdd00d6c8969c6d80c31f5,"Before granting such sale permission, developer has to submit undertaking about the basic infrastructure to be provided and completed phase wise.",0.9
